CUSTOMER_NUMBER,ANOMALY_PRED,ANOMALY_SCORE,EXPLANATION,TOP_SHAP_CONTRIBUTORS,TOP_INTERACTIONS,COUNTERFACTUAL,TRANS_LV1,TRANS_LV2,TRANS_DATE,DAY_OF_WEEK,TRANS_HOUR,TRANS_NO,TRANS_AMOUNT,CLIENT_SEX,CLIENT_CREATE_DATE,DATE_OF_BIRTH,STAFF,IB_REGISTER_DATE,EB_REGISTER_CHANNEL,SMS,VERIFY_METHOD,SUM_AMOUNT_24H,COUNT_24H,SUM_AMOUNT_7D,COUNT_7D,HIST_AVG_CA_BALANCE,HIST_AVG_TRANS_AMOUNT,HIST_TRANS_COUNT,BENFORD_DEV,ACTIVITY_SEQ_RARITY
88,1,0.009517604485154152,"Flagged due to: high 24-hour transaction volume sum (148,743,580.00), and unusual transaction sequence position (transaction number: 7), and high 7-day transaction count (28 transfers).","SUM_AMOUNT_24H (+1.1447), TRANS_NO (+0.6426), COUNT_7D (+0.5102)","TRANS_NO × SUM_AMOUNT_24H (+0.3161), TRANS_AMOUNT × COUNT_7D (+0.2859), SUM_AMOUNT_24H × ACTIVITY_SEQ_RARITY (-0.2277)","SUM_AMOUNT_24H: 148,743,580.00 → 136,730,906.39 (-12,012,673.61), COUNT_7D: 28.00 → 25.00 (-3.00)",Transfer,Within_bank,2019-11-01,Fri,9,7,11520000.0,F,2019-07-15,1997-07-05,0,2019-09-03,BRANCH,1,SMART_OTP,148743580.0,16,178334840.0,28,8844481.102,4369996.853994491,363,0.03889746598194539,-1.441169318574772
88,1,0.011367893777787685,"Flagged due to: high 24-hour transaction volume sum (141,385,680.00), and high 7-day transaction count (30 transfers), and unusual transaction sequence position (transaction number: 5).","SUM_AMOUNT_24H (+1.1899), COUNT_7D (+0.6575), TRANS_NO (+0.5784)","TRANS_AMOUNT × COUNT_7D (+0.3696), TRANS_NO × SUM_AMOUNT_24H (+0.2840), SUM_AMOUNT_24H × ACTIVITY_SEQ_RARITY (-0.2277)","SUM_AMOUNT_24H: 141,385,680.00 → 136,730,875.38 (-4,654,804.62), COUNT_7D: 30.00 → 25.00 (-5.00)",Transfer,Within_bank,2019-11-01,Fri,10,5,9410000.0,F,2019-07-15,1997-07-05,0,2019-09-03,BRANCH,1,SMART_OTP,141385680.0,16,188188690.0,30,8844481.102,4369996.853994491,363,0.03889746598194539,-1.441169318574772
141,1,0.010221404954791069,"Flagged due to: high transaction amount of 150,000,000.00, and high 24-hour transaction volume sum (150,000,001.00), and amount is 4.4x higher than customer's average transaction size.","TRANS_AMOUNT (+1.0088), SUM_AMOUNT_24H (+0.9807), TRANS_AMOUNT_Z_SCORE (+0.0566)","TRANS_NO × SUM_AMOUNT_24H (-0.2723), TRANS_AMOUNT × COUNT_7D (+0.1202), TRANS_AMOUNT × SUM_AMOUNT_7D (-0.1065)","TRANS_AMOUNT: 150,000,000.00 → 136,730,861.75 (-13,269,138.25), SUM_AMOUNT_24H: 150,000,001.00 → 136,730,862.66 (-13,269,138.34)",Transfer,Within_bank,2019-08-16,Fri,16,2,150000000.0,F,2019-04-22,1994-04-24,1,2019-04-24,BRANCH,1,SMART_OTP,150000001.0,2,195000001.0,3,20520353.582222223,33917132.94594595,74,0.2205215966286484,-1.2990063985167104
141,1,0.009423386305570602,"Flagged due to: high transaction amount of 200,000,000.00, and high 24-hour transaction volume sum (200,000,000.00), and new customer tenure (247 days since signup).","TRANS_AMOUNT (+1.4451), SUM_AMOUNT_24H (+1.2179), TENURE_DAYS (+0.0867)","TRANS_NO × SUM_AMOUNT_24H (-0.6971), TRANS_AMOUNT × HIST_AVG_TRANS_AMOUNT (-0.5921), TRANS_AMOUNT × COUNT_7D (+0.1389)","TRANS_AMOUNT: 200,000,000.00 → 186,406,898.57 (-13,593,101.43), SUM_AMOUNT_24H: 200,000,000.00 → 186,162,376.47 (-13,837,623.53)",Transfer,Outside_bank,2019-12-25,Wed,10,1,200000000.0,F,2019-04-22,1994-04-24,1,2019-04-24,BRANCH,1,SMART_OTP,200000000.0,1,268303185.0,5,20520353.582222223,33917132.94594595,74,0.2205215966286484,-1.2990063985167104
386,1,0.09198171645402908,"Flagged due to: high 24-hour transaction volume sum (380,550,000.00), and high transaction amount of 380,000,000.00, and highly improbable sequential activity pattern (log-probability score: -1.034).","SUM_AMOUNT_24H (+2.6440), TRANS_AMOUNT (+1.6463), ACTIVITY_SEQ_RARITY (+0.0559)","TRANS_AMOUNT × HIST_AVG_TRANS_AMOUNT (-0.5483), HIST_AVG_TRANS_AMOUNT × SUM_AMOUNT_24H (-0.2007), TRANS_NO × SUM_AMOUNT_24H (-0.1943)","SUM_AMOUNT_24H: 380,550,000.00 → 104,999,872.41 (-275,550,127.59), TRANS_AMOUNT: 380,000,000.00 → 186,384,735.62 (-193,615,264.38)",Transfer,Within_bank,2019-10-21,Mon,9,1,380000000.0,F,2019-08-12,1989-04-24,0,2019-08-12,BRANCH,1,SMART_OTP,380550000.0,2,383615000.0,5,114440623.53400001,16809085.8,70,0.061351446143111873,-1.0341287827195147
386,1,0.00969655904918909,"Flagged due to: high 24-hour transaction volume sum (390,550,000.00), and high average savings balance (114,440,623.53).","SUM_AMOUNT_24H (+2.6192), HIST_AVG_CA_BALANCE (+0.0377), STAFF (+0.0000)","TRANS_AMOUNT × COUNT_7D (-0.2797), HIST_AVG_TRANS_AMOUNT × SUM_AMOUNT_24H (-0.2007), TRANS_NO × SUM_AMOUNT_24H (-0.1943)","SUM_AMOUNT_24H: 390,550,000.00 → 355,799,342.48 (-34,750,657.52)",Transfer,Within_bank,2019-10-21,Mon,14,1,10000000.0,F,2019-08-12,1989-04-24,0,2019-08-12,BRANCH,1,SMART_OTP,390550000.0,3,393315000.0,5,114440623.53400001,16809085.8,70,0.061351446143111873,-1.0341287827195147
386,1,0.00969655904918909,"Flagged due to: high 24-hour transaction volume sum (395,550,000.00), and high average savings balance (114,440,623.53).","SUM_AMOUNT_24H (+2.6060), HIST_AVG_CA_BALANCE (+0.0377), STAFF (+0.0000)","TRANS_AMOUNT × COUNT_7D (-0.2727), TRANS_NO × SUM_AMOUNT_24H (-0.1943), HIST_AVG_TRANS_AMOUNT × SUM_AMOUNT_24H (-0.1612)","SUM_AMOUNT_24H: 395,550,000.00 → 355,799,446.21 (-39,750,553.79)",Transfer,Within_bank,2019-10-21,Mon,15,1,5000000.0,F,2019-08-12,1989-04-24,0,2019-08-12,BRANCH,1,SMART_OTP,395550000.0,4,398315000.0,6,114440623.53400001,16809085.8,70,0.061351446143111873,-1.0341287827195147
386,1,0.010071493685245514,"Flagged due to: high 24-hour transaction volume sum (396,300,000.00), and high average savings balance (114,440,623.53), and high 24-hour transaction count (5 transfers).","SUM_AMOUNT_24H (+2.5996), HIST_AVG_CA_BALANCE (+0.0377), COUNT_24H (+0.0126)","TRANS_AMOUNT × COUNT_7D (-0.2727), TRANS_NO × SUM_AMOUNT_24H (-0.1752), HIST_AVG_TRANS_AMOUNT × SUM_AMOUNT_24H (-0.1612)","SUM_AMOUNT_24H: 396,300,000.00 → 355,799,450.50 (-40,500,549.50)",Transfer,Outside_bank,2019-10-21,Mon,17,1,750000.0,F,2019-08-12,1989-04-24,0,2019-08-12,BRANCH,1,SMART_OTP,396300000.0,5,399065000.0,7,114440623.53400001,16809085.8,70,0.061351446143111873,-1.0341287827195147
386,1,0.016581639647483826,"Flagged due to: high 24-hour transaction volume sum (170,000,000.00), and high transaction amount of 170,000,000.00, and high 7-day transaction volume sum (568,700,000.00).","SUM_AMOUNT_24H (+1.0839), TRANS_AMOUNT (+1.0560), SUM_AMOUNT_7D (+0.2365)","TRANS_NO × SUM_AMOUNT_24H (-0.6448), TRANS_AMOUNT × COUNT_7D (+0.2056), TRANS_AMOUNT × ACTIVITY_SEQ_RARITY (+0.1335)","SUM_AMOUNT_24H: 170,000,000.00 → 99,999,933.65 (-70,000,066.35), TRANS_AMOUNT: 170,000,000.00 → 104,999,857.33 (-65,000,142.67), SUM_AMOUNT_7D: 568,700,000.00 → 368,349,800.98 (-200,350,199.02)",Transfer,Outside_bank,2019-10-23,Wed,11,1,170000000.0,F,2019-08-12,1989-04-24,0,2019-08-12,BRANCH,1,SMART_OTP,170000000.0,1,568700000.0,7,114440623.53400001,16809085.8,70,0.061351446143111873,-1.0341287827195147
386,1,0.009196163155138493,"Flagged due to: high 24-hour transaction volume sum (270,000,000.00), and high transaction amount of 100,000,000.00, and high 7-day transaction volume sum (666,300,000.00).","SUM_AMOUNT_24H (+1.2481), TRANS_AMOUNT (+0.5324), SUM_AMOUNT_7D (+0.1473)","TRANS_NO × SUM_AMOUNT_24H (-0.6386), TRANS_AMOUNT × COUNT_7D (+0.2044), TRANS_AMOUNT × SUM_AMOUNT_7D (-0.1207)","SUM_AMOUNT_24H: 270,000,000.00 → 186,162,386.25 (-83,837,613.75), TRANS_AMOUNT: 100,000,000.00 → 79,999,923.91 (-20,000,076.09), SUM_AMOUNT_7D: 666,300,000.00 → 488,474,558.68 (-177,825,441.32)",Transfer,Within_bank,2019-10-23,Wed,14,1,100000000.0,F,2019-08-12,1989-04-24,0,2019-08-12,BRANCH,1,SMART_OTP,270000000.0,2,666300000.0,7,114440623.53400001,16809085.8,70,0.061351446143111873,-1.0341287827195147
470,1,0.014015045948326588,"Flagged due to: new customer tenure (279 days since signup), and high transaction amount of 50,000,000.00, and unusual activity in feature 'SMS' (value: 0.0).","TENURE_DAYS (+1.1514), TRANS_AMOUNT (+0.6414), SMS (+0.2651)","TENURE_DAYS × TRANS_AMOUNT (+0.4520), TENURE_DAYS × BALANCE_COVERAGE_RATIO (+0.3400), TENURE_DAYS × SMS (+0.2812)","TRANS_AMOUNT: 50,000,000.00 → 43,999,958.16 (-6,000,041.84)",Transfer,Outside_bank,2019-11-20,Wed,15,1,50000000.0,M,2019-02-14,1985-08-23,0,2019-03-02,BRANCH,0,SMS,50000000.0,1,50000000.0,1,3666343.766363636,12919000.0,18,0.4989169656755756,-0.795191579133574
471,1,0.01512663159519434,"Flagged due to: high transaction amount of 150,000,000.00, and high 24-hour transaction volume sum (150,000,000.00), and high historical average transaction size (69,960,000.00).","TRANS_AMOUNT (+0.9057), SUM_AMOUNT_24H (+0.8033), HIST_AVG_TRANS_AMOUNT (+0.2740)","TRANS_NO × SUM_AMOUNT_24H (-0.3325), TRANS_AMOUNT × HIST_AVG_TRANS_AMOUNT (-0.2611), TRANS_AMOUNT × COUNT_7D (+0.1363)","TRANS_AMOUNT: 150,000,000.00 → 132,999,944.80 (-17,000,055.20), SUM_AMOUNT_24H: 150,000,000.00 → 117,999,887.68 (-32,000,112.32)",Transfer,Within_bank,2019-07-18,Thu,6,2,150000000.0,F,2019-06-05,1981-09-08,0,2019-06-05,BRANCH,1,SMS,150000000.0,1,150000000.0,1,36690057.17285714,69960000.0,10,0.44221233555637046,-1.0106583811507186
471,1,0.0170822162181139,"Flagged due to: high transaction amount of 150,000,000.00, and high 24-hour transaction volume sum (150,000,000.00), and high historical average transaction size (69,960,000.00).","TRANS_AMOUNT (+0.9140), SUM_AMOUNT_24H (+0.7999), HIST_AVG_TRANS_AMOUNT (+0.2740)","TRANS_NO × SUM_AMOUNT_24H (-0.3351), TRANS_AMOUNT × HIST_AVG_TRANS_AMOUNT (-0.2611), TRANS_AMOUNT × COUNT_7D (+0.1363)","TRANS_AMOUNT: 150,000,000.00 → 132,999,944.80 (-17,000,055.20), SUM_AMOUNT_24H: 150,000,000.00 → 117,999,887.68 (-32,000,112.32)",Transfer,Within_bank,2019-07-22,Mon,10,2,150000000.0,F,2019-06-05,1981-09-08,0,2019-06-05,BRANCH,1,SMS,150000000.0,1,300000000.0,2,36690057.17285714,69960000.0,10,0.44221233555637046,-1.0106583811507186
471,1,0.013961215503513813,"Flagged due to: high transaction amount of 150,000,000.00, and high 24-hour transaction volume sum (150,000,000.00), and high historical average transaction size (69,960,000.00).","TRANS_AMOUNT (+0.9123), SUM_AMOUNT_24H (+0.8024), HIST_AVG_TRANS_AMOUNT (+0.2740)","TRANS_NO × SUM_AMOUNT_24H (-0.3325), TRANS_AMOUNT × HIST_AVG_TRANS_AMOUNT (-0.2611), TRANS_AMOUNT × COUNT_7D (+0.1165)","TRANS_AMOUNT: 150,000,000.00 → 132,999,944.80 (-17,000,055.20), SUM_AMOUNT_24H: 150,000,000.00 → 117,999,887.68 (-32,000,112.32)",Transfer,Outside_bank,2019-08-19,Mon,16,2,150000000.0,F,2019-06-05,1981-09-08,0,2019-06-05,BRANCH,1,SMS,150000000.0,1,150000000.0,1,36690057.17285714,69960000.0,10,0.44221233555637046,-1.0106583811507186
471,1,0.09504345059394836,"Flagged due to: high 24-hour transaction volume sum (260,000,000.00), and high transaction amount of 110,000,000.00, and unusual transaction sequence position (transaction number: 3).","SUM_AMOUNT_24H (+1.8186), TRANS_AMOUNT (+0.6838), TRANS_NO (+0.3585)","TRANS_NO × SUM_AMOUNT_24H (+0.3258), TRANS_AMOUNT × HIST_AVG_TRANS_AMOUNT (-0.2611), TRANS_AMOUNT × COUNT_7D (+0.1446)","SUM_AMOUNT_24H: 260,000,000.00 → 70,999,775.66 (-189,000,224.34), TRANS_AMOUNT: 110,000,000.00 → 3,499,918.95 (-106,500,081.05)",Transfer,Outside_bank,2019-08-20,Tue,8,3,110000000.0,F,2019-06-05,1981-09-08,0,2019-06-05,BRANCH,1,SMS,260000000.0,2,260000000.0,2,36690057.17285714,69960000.0,10,0.44221233555637046,-1.0106583811507186
541,1,0.016538914293050766,"Flagged due to: high 24-hour transaction volume sum (303,648,000.00), and high transaction amount of 300,000,000.00, and high average savings balance (71,934,426.35).","SUM_AMOUNT_24H (+1.7113), TRANS_AMOUNT (+1.4891), HIST_AVG_CA_BALANCE (+0.0672)","TRANS_AMOUNT × HIST_AVG_TRANS_AMOUNT (-0.6171), SUM_AMOUNT_24H × SUM_AMOUNT_7D (-0.3907), TRANS_NO × SUM_AMOUNT_24H (-0.3638)","SUM_AMOUNT_24H: 303,648,000.00 → 153,499,807.47 (-150,148,192.53), TRANS_AMOUNT: 300,000,000.00 → 179,999,828.74 (-120,000,171.26)",Transfer,Outside_bank,2019-10-30,Wed,16,1,300000000.0,M,2019-09-17,1993-03-07,1,2019-09-27,BRANCH,1,SMART_OTP,303648000.0,2,310900000.0,3,71934426.34666668,32231818.181818184,11,0.4774746518588942,-1.1897779134924324
1101,1,0.020629798993468285,"Flagged due to: high transaction amount of 118,200,000.00, and new customer tenure (282 days since signup), and high 24-hour transaction volume sum (118,700,000.00).","TRANS_AMOUNT (+0.9949), TENURE_DAYS (+0.7911), SUM_AMOUNT_24H (+0.6638)","TENURE_DAYS × BALANCE_COVERAGE_RATIO (+0.3400), TENURE_DAYS × TRANS_AMOUNT (+0.3316), TRANS_NO × SUM_AMOUNT_24H (-0.2673)","TRANS_AMOUNT: 118,200,000.00 → 70,499,922.01 (-47,700,077.99), SUM_AMOUNT_24H: 118,700,000.00 → 70,999,982.66 (-47,700,017.34)",Transfer,Within_bank,2019-12-12,Thu,15,2,118200000.0,F,2019-03-05,1990-06-19,0,2019-03-12,BRANCH,1,SMART_OTP,118700000.0,3,205800000.0,5,7364031.087777778,13236356.585798817,169,0.03316413390985802,-1.2861392070344557
1101,1,0.010430673137307167,"Flagged due to: high transaction amount of 97,300,000.00, and new customer tenure (297 days since signup), and transaction amount covers 13.2x their monthly average savings balance.","TRANS_AMOUNT (+0.8445), TENURE_DAYS (+0.7911), BALANCE_COVERAGE_RATIO (+0.2023)","TENURE_DAYS × BALANCE_COVERAGE_RATIO (+0.3400), TENURE_DAYS × TRANS_AMOUNT (+0.3316), TENURE_DAYS × SMS (-0.1841)","TRANS_AMOUNT: 97,300,000.00 → 70,949,989.30 (-26,350,010.70), BALANCE_COVERAGE_RATIO: 13.21 → 9.08 (-4.13)",Transfer,Within_bank,2019-12-27,Fri,14,2,97300000.0,F,2019-03-05,1990-06-19,0,2019-03-12,BRANCH,1,SMART_OTP,97350000.0,2,104000000.0,4,7364031.087777778,13236356.585798817,169,0.03316413390985802,-1.2861392070344557
1101,1,0.020629798993468285,"Flagged due to: high transaction amount of 121,150,000.00, and new customer tenure (301 days since signup), and high 24-hour transaction volume sum (121,150,000.00).","TRANS_AMOUNT (+0.9964), TENURE_DAYS (+0.7911), SUM_AMOUNT_24H (+0.6634)","TENURE_DAYS × BALANCE_COVERAGE_RATIO (+0.3400), TENURE_DAYS × TRANS_AMOUNT (+0.3316), TRANS_NO × SUM_AMOUNT_24H (-0.2664)","TRANS_AMOUNT: 121,150,000.00 → 70,999,961.98 (-50,150,038.02), SUM_AMOUNT_24H: 121,150,000.00 → 70,999,961.98 (-50,150,038.02)",Transfer,Within_bank,2019-12-31,Tue,15,2,121150000.0,F,2019-03-05,1990-06-19,0,2019-03-12,BRANCH,1,SMART_OTP,121150000.0,1,219236000.0,5,7364031.087777778,13236356.585798817,169,0.03316413390985802,-1.2861392070344557
1149,1,0.13667938113212585,"Flagged due to: high 24-hour transaction volume sum (200,400,000.00), and high transaction amount of 95,000,000.00, and unusual transaction sequence position (transaction number: 3).","SUM_AMOUNT_24H (+1.8408), TRANS_AMOUNT (+0.6291), TRANS_NO (+0.3651)","TRANS_NO × SUM_AMOUNT_24H (+0.3208), TRANS_AMOUNT_Z_SCORE × TRANS_LV2 (-0.1818), TRANS_AMOUNT × COUNT_7D (+0.1463)","SUM_AMOUNT_24H: 200,400,000.00 → 70,999,909.47 (-129,400,090.53), TRANS_AMOUNT: 95,000,000.00 → 21,799,946.60 (-73,200,053.40)",Payment,Credit_card_repayment,2019-06-24,Mon,16,3,95000000.0,M,2019-05-29,1987-06-18,0,2019-05-30,BRANCH,1,SMART_OTP,200400000.0,3,249900000.0,5,1492431.96125,70275347.51773049,141,0.043763912950767064,-0.8376228017000888
1149,1,0.0420420877635479,"Flagged due to: high 24-hour transaction volume sum (295,400,000.00), and high historical average transaction size (70,275,347.52), and highly improbable sequential activity pattern (log-probability score: -0.838).","SUM_AMOUNT_24H (+2.0959), HIST_AVG_TRANS_AMOUNT (+0.4177), ACTIVITY_SEQ_RARITY (+0.2313)","SUM_AMOUNT_24H × SUM_AMOUNT_7D (-0.3798), TRANS_AMOUNT_Z_SCORE × TRANS_LV2 (-0.1818), SUM_AMOUNT_24H × ACTIVITY_SEQ_RARITY (+0.1396)","SUM_AMOUNT_24H: 295,400,000.00 → 117,999,873.57 (-177,400,126.43)",Payment,Credit_card_repayment,2019-06-24,Mon,20,2,60000000.0,M,2019-05-29,1987-06-18,0,2019-05-30,BRANCH,1,SMART_OTP,295400000.0,5,344900000.0,7,1492431.96125,70275347.51773049,141,0.043763912950767064,-0.8376228017000888
1149,1,0.020347487181425095,"Flagged due to: high 24-hour transaction volume sum (317,400,000.00), and high historical average transaction size (70,275,347.52), and highly improbable sequential activity pattern (log-probability score: -0.838).","SUM_AMOUNT_24H (+2.0527), HIST_AVG_TRANS_AMOUNT (+0.4232), ACTIVITY_SEQ_RARITY (+0.2302)","SUM_AMOUNT_24H × SUM_AMOUNT_7D (-0.3798), TRANS_AMOUNT_Z_SCORE × TRANS_LV2 (-0.1564), SUM_AMOUNT_24H × ACTIVITY_SEQ_RARITY (+0.1396)","SUM_AMOUNT_24H: 317,400,000.00 → 153,499,982.02 (-163,900,017.98)",Payment,Credit_card_repayment,2019-06-24,Mon,22,2,22000000.0,M,2019-05-29,1987-06-18,0,2019-05-30,BRANCH,1,SMART_OTP,317400000.0,6,366900000.0,8,1492431.96125,70275347.51773049,141,0.043763912950767064,-0.8376228017000888
1149,1,0.9278653860092163,"Flagged due to: high 24-hour transaction volume sum (473,200,000.00), and high transaction amount of 176,800,000.00, and unusual transaction sequence position (transaction number: 5).","SUM_AMOUNT_24H (+2.8047), TRANS_AMOUNT (+0.9355), TRANS_NO (+0.6230)","TRANS_AMOUNT × HIST_AVG_TRANS_AMOUNT (-0.3252), TRANS_AMOUNT_Z_SCORE × TRANS_LV2 (+0.2596), TRANS_AMOUNT × COUNT_7D (+0.2005)",,Payment,Credit_card_repayment,2019-06-25,Tue,14,5,176800000.0,M,2019-05-29,1987-06-18,0,2019-05-30,BRANCH,1,SMART_OTP,473200000.0,6,543700000.0,9,1492431.96125,70275347.51773049,141,0.043763912950767064,-0.8376228017000888
1149,1,0.12574729323387146,"Flagged due to: high 24-hour transaction volume sum (573,200,000.00), and high historical average transaction size (70,275,347.52), and high transaction amount of 100,000,000.00.","SUM_AMOUNT_24H (+2.6552), HIST_AVG_TRANS_AMOUNT (+0.4152), TRANS_AMOUNT (+0.3992)","TRANS_AMOUNT × SUM_AMOUNT_24H (-0.2947), TRANS_NO × SUM_AMOUNT_24H (-0.2170), TRANS_AMOUNT_Z_SCORE × TRANS_LV2 (-0.2110)","SUM_AMOUNT_24H: 573,200,000.00 → 70,999,492.00 (-502,200,508.00)",Payment,Credit_card_repayment,2019-06-25,Tue,15,1,100000000.0,M,2019-05-29,1987-06-18,0,2019-05-30,BRANCH,1,SMART_OTP,573200000.0,7,643700000.0,10,1492431.96125,70275347.51773049,141,0.043763912950767064,-0.8376228017000888
1149,1,0.46629682183265686,"Flagged due to: high transaction amount of 196,442,000.00, and high 24-hour transaction volume sum (288,942,000.00), and transaction amount covers 131.6x their monthly average savings balance.","TRANS_AMOUNT (+2.0799), SUM_AMOUNT_24H (+1.4896), BALANCE_COVERAGE_RATIO (+0.5727)","TRANS_NO × SUM_AMOUNT_24H (-0.4216), TRANS_AMOUNT × HIST_AVG_TRANS_AMOUNT (+0.3216), TRANS_AMOUNT_Z_SCORE × TRANS_LV2 (+0.2200)","TRANS_AMOUNT: 196,442,000.00 → 39,999,887.07 (-156,442,112.93)",Payment,Credit_card_repayment,2019-07-03,Wed,13,2,196442000.0,M,2019-05-29,1987-06-18,0,2019-05-30,BRANCH,1,SMART_OTP,288942000.0,3,288942000.0,3,1492431.96125,70275347.51773049,141,0.043763912950767064,-0.8376228017000888
1149,1,0.014804991893470287,"Flagged due to: high 24-hour transaction volume sum (269,542,000.00), and high historical average transaction size (70,275,347.52), and highly improbable sequential activity pattern (log-probability score: -0.838).","SUM_AMOUNT_24H (+1.4571), HIST_AVG_TRANS_AMOUNT (+0.3527), ACTIVITY_SEQ_RARITY (+0.2237)","TRANS_NO × SUM_AMOUNT_24H (-0.7019), TRANS_AMOUNT_Z_SCORE × TRANS_LV2 (-0.2110), SUM_AMOUNT_24H × ACTIVITY_SEQ_RARITY (+0.1263)","SUM_AMOUNT_24H: 269,542,000.00 → 153,499,791.26 (-116,042,208.74), ACTIVITY_SEQ_RARITY: -0.84 → -1.46 (-0.62)",Payment,Credit_card_repayment,2019-07-03,Wed,14,1,46100000.0,M,2019-05-29,1987-06-18,0,2019-05-30,BRANCH,1,SMART_OTP,269542000.0,3,335042000.0,4,1492431.96125,70275347.51773049,141,0.043763912950767064,-0.8376228017000888
1149,1,0.02596987597644329,"Flagged due to: high transaction amount of 150,000,000.00, and high 24-hour transaction volume sum (150,000,000.00), and transaction amount covers 100.5x their monthly average savings balance.","TRANS_AMOUNT (+0.9124), SUM_AMOUNT_24H (+0.6995), BALANCE_COVERAGE_RATIO (+0.4185)","TRANS_NO × SUM_AMOUNT_24H (-0.5954), TRANS_AMOUNT × HIST_AVG_TRANS_AMOUNT (-0.3266), SUM_AMOUNT_24H × BALANCE_COVERAGE_RATIO (-0.1663)","TRANS_AMOUNT: 150,000,000.00 → 115,446,567.77 (-34,553,432.23), SUM_AMOUNT_24H: 150,000,000.00 → 34,999,895.86 (-115,000,104.14)",Payment,Credit_card_repayment,2019-07-04,Thu,19,1,150000000.0,M,2019-05-29,1987-06-18,0,2019-05-30,BRANCH,1,SMART_OTP,150000000.0,1,485042000.0,5,1492431.96125,70275347.51773049,141,0.043763912950767064,-0.8376228017000888
1149,1,0.031031375750899315,"Flagged due to: high 24-hour transaction volume sum (256,500,000.00), and high transaction amount of 106,500,000.00, and highly improbable sequential activity pattern (log-probability score: -0.838).","SUM_AMOUNT_24H (+1.3427), TRANS_AMOUNT (+0.6886), ACTIVITY_SEQ_RARITY (+0.2453)","TRANS_NO × SUM_AMOUNT_24H (-0.7088), TRANS_AMOUNT × HIST_AVG_TRANS_AMOUNT (-0.3252), TRANS_AMOUNT_Z_SCORE × TRANS_LV2 (-0.2110)","SUM_AMOUNT_24H: 256,500,000.00 → 70,999,974.50 (-185,500,025.50), TRANS_AMOUNT: 106,500,000.00 → 23,055,757.35 (-83,444,242.65)",Payment,Credit_card_repayment,2019-07-04,Thu,22,1,106500000.0,M,2019-05-29,1987-06-18,0,2019-05-30,BRANCH,1,SMART_OTP,256500000.0,2,591542000.0,6,1492431.96125,70275347.51773049,141,0.043763912950767064,-0.8376228017000888
1149,1,0.03131059557199478,"Flagged due to: high 24-hour transaction volume sum (313,100,000.00), and high historical average transaction size (70,275,347.52), and highly improbable sequential activity pattern (log-probability score: -0.838).","SUM_AMOUNT_24H (+2.0820), HIST_AVG_TRANS_AMOUNT (+0.4133), ACTIVITY_SEQ_RARITY (+0.2039)","TRANS_NO × SUM_AMOUNT_24H (-0.3960), TRANS_AMOUNT × SUM_AMOUNT_7D (-0.3332), TRANS_AMOUNT_Z_SCORE × TRANS_LV2 (-0.1818)","SUM_AMOUNT_24H: 313,100,000.00 → 153,499,848.21 (-159,600,151.79)",Payment,Credit_card_repayment,2019-07-05,Fri,14,1,56600000.0,M,2019-05-29,1987-06-18,0,2019-05-30,BRANCH,1,SMART_OTP,313100000.0,3,648142000.0,7,1492431.96125,70275347.51773049,141,0.043763912950767064,-0.8376228017000888
1149,1,0.11142977327108383,"Flagged due to: high 24-hour transaction volume sum (371,100,000.00), and high historical average transaction size (70,275,347.52), and high 7-day transaction volume sum (706,142,000.00).","SUM_AMOUNT_24H (+2.7998), HIST_AVG_TRANS_AMOUNT (+0.4150), SUM_AMOUNT_7D (+0.1825)","TRANS_AMOUNT × SUM_AMOUNT_7D (-0.3332), TRANS_AMOUNT × SUM_AMOUNT_24H (-0.2624), SUM_AMOUNT_24H × SUM_AMOUNT_7D (-0.2035)","SUM_AMOUNT_24H: 371,100,000.00 → 117,999,831.79 (-253,100,168.21)",Payment,Credit_card_repayment,2019-07-05,Fri,17,2,58000000.0,M,2019-05-29,1987-06-18,0,2019-05-30,BRANCH,1,SMART_OTP,371100000.0,4,706142000.0,8,1492431.96125,70275347.51773049,141,0.043763912950767064,-0.8376228017000888
1149,1,0.020027467980980873,"Flagged due to: high transaction amount of 80,900,000.00, and high historical average transaction size (70,275,347.52), and specific transaction type category (code: 1).","TRANS_AMOUNT (+0.6565), HIST_AVG_TRANS_AMOUNT (+0.3213), TRANS_LV2 (+0.2359)","TRANS_AMOUNT_Z_SCORE × TRANS_LV2 (-0.2110), TRANS_AMOUNT × COUNT_7D (+0.1266), TRANS_AMOUNT × SUM_AMOUNT_24H (+0.1212)","TRANS_AMOUNT: 80,900,000.00 → 43,987,971.29 (-36,912,028.71)",Payment,Credit_card_repayment,2019-07-24,Wed,21,3,80900000.0,M,2019-05-29,1987-06-18,0,2019-05-30,BRANCH,1,SMART_OTP,107912000.0,2,295040000.0,9,1492431.96125,70275347.51773049,141,0.043763912950767064,-0.8376228017000888
1149,1,0.010619168169796467,"Flagged due to: high 24-hour transaction volume sum (159,824,000.00), and high historical average transaction size (70,275,347.52), and specific transaction type category (code: 1).","SUM_AMOUNT_24H (+1.2059), HIST_AVG_TRANS_AMOUNT (+0.3110), TRANS_LV2 (+0.2359)","TRANS_NO × SUM_AMOUNT_24H (-0.7339), TRANS_AMOUNT_Z_SCORE × TRANS_LV2 (-0.2110), TRANS_NO × BENFORD_DEV (-0.1107)","SUM_AMOUNT_24H: 159,824,000.00 → 153,499,940.00 (-6,324,060.00)",Payment,Credit_card_repayment,2019-07-25,Thu,9,1,51912000.0,M,2019-05-29,1987-06-18,0,2019-05-30,BRANCH,1,SMART_OTP,159824000.0,3,346952000.0,10,1492431.96125,70275347.51773049,141,0.043763912950767064,-0.8376228017000888
1149,1,0.009513345547020435,"Flagged due to: high 24-hour transaction volume sum (226,812,000.00), and high historical average transaction size (70,275,347.52), and highly improbable sequential activity pattern (log-probability score: -0.838).","SUM_AMOUNT_24H (+1.3034), HIST_AVG_TRANS_AMOUNT (+0.3108), ACTIVITY_SEQ_RARITY (+0.1919)","TRANS_NO × SUM_AMOUNT_24H (-0.7408), TRANS_AMOUNT_Z_SCORE × TRANS_LV2 (-0.1856), TRANS_AMOUNT × SUM_AMOUNT_7D (-0.1391)","SUM_AMOUNT_24H: 226,812,000.00 → 186,162,275.66 (-40,649,724.34), ACTIVITY_SEQ_RARITY: -0.84 → -0.97 (-0.13)",Payment,Credit_card_repayment,2019-07-25,Thu,16,1,42000000.0,M,2019-05-29,1987-06-18,0,2019-05-30,BRANCH,1,SMART_OTP,226812000.0,5,440952000.0,13,1492431.96125,70275347.51773049,141,0.043763912950767064,-0.8376228017000888
1149,1,0.010880859568715096,"Flagged due to: high 24-hour transaction volume sum (256,812,000.00), and high historical average transaction size (70,275,347.52), and highly improbable sequential activity pattern (log-probability score: -0.838).","SUM_AMOUNT_24H (+1.3780), HIST_AVG_TRANS_AMOUNT (+0.4012), ACTIVITY_SEQ_RARITY (+0.1947)","TRANS_NO × SUM_AMOUNT_24H (-0.7088), TRANS_AMOUNT_Z_SCORE × TRANS_LV2 (-0.1856), TRANS_NO × BENFORD_DEV (-0.1069)","SUM_AMOUNT_24H: 256,812,000.00 → 186,162,347.42 (-70,649,652.58), ACTIVITY_SEQ_RARITY: -0.84 → -0.97 (-0.13)",Payment,Credit_card_repayment,2019-07-25,Thu,18,1,30000000.0,M,2019-05-29,1987-06-18,0,2019-05-30,BRANCH,1,SMART_OTP,256812000.0,6,470952000.0,14,1492431.96125,70275347.51773049,141,0.043763912950767064,-0.8376228017000888
1149,1,0.03880799561738968,"Flagged due to: high 24-hour transaction volume sum (163,000,000.00), and high transaction amount of 163,000,000.00, and specific transaction type category (code: 1).","SUM_AMOUNT_24H (+1.0447), TRANS_AMOUNT (+0.9284), TRANS_LV2 (+0.4546)","TRANS_NO × SUM_AMOUNT_24H (-0.7318), TRANS_AMOUNT × HIST_AVG_TRANS_AMOUNT (-0.2483), SUM_AMOUNT_24H × BALANCE_COVERAGE_RATIO (-0.1831)","SUM_AMOUNT_24H: 163,000,000.00 → 34,999,945.47 (-128,000,054.53), TRANS_AMOUNT: 163,000,000.00 → 115,446,623.14 (-47,553,376.86)",Payment,Credit_card_repayment,2019-08-01,Thu,19,1,163000000.0,M,2019-05-29,1987-06-18,0,2019-05-30,BRANCH,1,SMART_OTP,163000000.0,1,163000000.0,1,1492431.96125,70275347.51773049,141,0.043763912950767064,-0.8376228017000888
1149,1,1.0,"Flagged due to: high 24-hour transaction volume sum (403,360,000.00), and high transaction amount of 278,560,000.00, and high historical average transaction size (70,275,347.52).","SUM_AMOUNT_24H (+2.8404), TRANS_AMOUNT (+2.0835), HIST_AVG_TRANS_AMOUNT (+0.5749)","TRANS_AMOUNT_Z_SCORE × TRANS_LV2 (+0.2596), TRANS_AMOUNT × HIST_AVG_TRANS_AMOUNT (+0.2447), TRANS_AMOUNT × COUNT_7D (+0.1939)","TRANS_AMOUNT: 278,560,000.00 → 23,055,711.98 (-255,504,288.02)",Payment,Credit_card_repayment,2019-08-03,Sat,15,2,278560000.0,M,2019-05-29,1987-06-18,0,2019-05-30,BRANCH,1,SMART_OTP,403360000.0,3,596360000.0,5,1492431.96125,70275347.51773049,141,0.043763912950767064,-0.8376228017000888
1149,1,0.054269444197416306,"Flagged due to: high 24-hour transaction volume sum (460,860,000.00), and high historical average transaction size (70,275,347.52), and highly improbable sequential activity pattern (log-probability score: -0.838).","SUM_AMOUNT_24H (+2.6905), HIST_AVG_TRANS_AMOUNT (+0.4133), ACTIVITY_SEQ_RARITY (+0.1501)","TRANS_AMOUNT × SUM_AMOUNT_7D (-0.3332), TRANS_AMOUNT × SUM_AMOUNT_24H (-0.2624), TRANS_NO × SUM_AMOUNT_24H (-0.2170)","SUM_AMOUNT_24H: 460,860,000.00 → 153,499,867.84 (-307,360,132.16)",Payment,Credit_card_repayment,2019-08-03,Sat,17,1,57500000.0,M,2019-05-29,1987-06-18,0,2019-05-30,BRANCH,1,SMART_OTP,460860000.0,4,653860000.0,6,1492431.96125,70275347.51773049,141,0.043763912950767064,-0.8376228017000888
1149,1,0.01993729919195175,"Flagged due to: high transaction amount of 124,700,000.00, and high 24-hour transaction volume sum (124,700,000.00), and specific transaction type category (code: 1).","TRANS_AMOUNT (+0.7965), SUM_AMOUNT_24H (+0.5518), TRANS_LV2 (+0.4546)","TRANS_NO × SUM_AMOUNT_24H (-0.3029), TRANS_AMOUNT × HIST_AVG_TRANS_AMOUNT (-0.2483), SUM_AMOUNT_7D × TRANS_LV2 (+0.1756)","TRANS_AMOUNT: 124,700,000.00 → 99,999,892.05 (-24,700,107.95), SUM_AMOUNT_24H: 124,700,000.00 → 70,999,878.46 (-53,700,121.54)",Payment,Credit_card_repayment,2019-08-14,Wed,15,2,124700000.0,M,2019-05-29,1987-06-18,0,2019-05-30,BRANCH,1,SMART_OTP,124700000.0,1,124700000.0,1,1492431.96125,70275347.51773049,141,0.043763912950767064,-0.8376228017000888
1149,1,0.017942726612091064,"Flagged due to: high 24-hour transaction volume sum (191,900,000.00), and high transaction amount of 86,400,000.00, and high historical average transaction size (70,275,347.52).","SUM_AMOUNT_24H (+1.2280), TRANS_AMOUNT (+0.5108), HIST_AVG_TRANS_AMOUNT (+0.3106)","TRANS_NO × SUM_AMOUNT_24H (-0.7408), TRANS_AMOUNT_Z_SCORE × TRANS_LV2 (-0.2110), TRANS_AMOUNT × COUNT_7D (+0.1757)","SUM_AMOUNT_24H: 191,900,000.00 → 117,999,972.44 (-73,900,027.56), TRANS_AMOUNT: 86,400,000.00 → 47,999,982.13 (-38,400,017.87)",Payment,Credit_card_repayment,2019-08-20,Tue,13,1,86400000.0,M,2019-05-29,1987-06-18,0,2019-05-30,BRANCH,1,SMART_OTP,191900000.0,3,386600000.0,5,1492431.96125,70275347.51773049,141,0.043763912950767064,-0.8376228017000888
1149,1,0.014834608882665634,"Flagged due to: high 24-hour transaction volume sum (140,000,000.00), and high historical average transaction size (70,275,347.52), and specific transaction type category (code: 1).","SUM_AMOUNT_24H (+1.0111), HIST_AVG_TRANS_AMOUNT (+0.3062), TRANS_LV2 (+0.1731)","TRANS_NO × SUM_AMOUNT_24H (-0.3150), TRANS_AMOUNT × SUM_AMOUNT_7D (-0.1858), TRANS_AMOUNT_Z_SCORE × TRANS_LV2 (-0.1818)","SUM_AMOUNT_24H: 140,000,000.00 → 136,730,899.83 (-3,269,100.17)",Payment,Credit_card_repayment,2019-08-23,Fri,13,2,57000000.0,M,2019-05-29,1987-06-18,0,2019-05-30,BRANCH,1,SMART_OTP,140000000.0,3,425400000.0,10,1492431.96125,70275347.51773049,141,0.043763912950767064,-0.8376228017000888
1149,1,0.022578252479434013,"Flagged due to: high transaction amount of 93,590,000.00, and high historical average transaction size (70,275,347.52), and highly improbable sequential activity pattern (log-probability score: -0.838).","TRANS_AMOUNT (+0.6236), HIST_AVG_TRANS_AMOUNT (+0.3186), ACTIVITY_SEQ_RARITY (+0.1898)","TRANS_AMOUNT_Z_SCORE × TRANS_LV2 (-0.1818), TRANS_AMOUNT × COUNT_7D (+0.1758), TRANS_AMOUNT × SUM_AMOUNT_7D (-0.1531)","TRANS_AMOUNT: 93,590,000.00 → 70,999,984.61 (-22,590,015.39)",Payment,Credit_card_repayment,2019-08-26,Mon,11,3,93590000.0,M,2019-05-29,1987-06-18,0,2019-05-30,BRANCH,1,SMART_OTP,93590000.0,1,538990000.0,12,1492431.96125,70275347.51773049,141,0.043763912950767064,-0.8376228017000888
1149,1,0.2042466253042221,"Flagged due to: high 24-hour transaction volume sum (227,890,000.00), and high transaction amount of 110,800,000.00, and unusual transaction sequence position (transaction number: 3).","SUM_AMOUNT_24H (+1.8217), TRANS_AMOUNT (+0.7278), TRANS_NO (+0.3496)","TRANS_AMOUNT × HIST_AVG_TRANS_AMOUNT (-0.3252), TRANS_NO × SUM_AMOUNT_24H (+0.3139), TRANS_AMOUNT × COUNT_7D (+0.1955)","SUM_AMOUNT_24H: 227,890,000.00 → 34,999,933.39 (-192,890,066.61), TRANS_AMOUNT: 110,800,000.00 → 19,640,981.35 (-91,159,018.65)",Payment,Credit_card_repayment,2019-08-26,Mon,13,3,110800000.0,M,2019-05-29,1987-06-18,0,2019-05-30,BRANCH,1,SMART_OTP,227890000.0,3,673290000.0,14,1492431.96125,70275347.51773049,141,0.043763912950767064,-0.8376228017000888
1149,1,0.012620479799807072,"Flagged due to: high 24-hour transaction volume sum (257,890,000.00), and high historical average transaction size (70,275,347.52), and high 7-day transaction volume sum (703,290,000.00).","SUM_AMOUNT_24H (+1.3306), HIST_AVG_TRANS_AMOUNT (+0.4033), SUM_AMOUNT_7D (+0.3071)","TRANS_NO × SUM_AMOUNT_24H (-0.6623), SUM_AMOUNT_24H × SUM_AMOUNT_7D (-0.2158), TRANS_AMOUNT_Z_SCORE × TRANS_LV2 (-0.1564)","SUM_AMOUNT_24H: 257,890,000.00 → 153,499,956.46 (-104,390,043.54), SUM_AMOUNT_7D: 703,290,000.00 → 288,289,683.79 (-415,000,316.21)",Payment,Credit_card_repayment,2019-08-26,Mon,14,1,30000000.0,M,2019-05-29,1987-06-18,0,2019-05-30,BRANCH,1,SMART_OTP,257890000.0,4,703290000.0,15,1492431.96125,70275347.51773049,141,0.043763912950767064,-0.8376228017000888
1149,1,0.03723587095737457,"Flagged due to: high 24-hour transaction volume sum (307,947,000.00), and high historical average transaction size (70,275,347.52), and highly improbable sequential activity pattern (log-probability score: -0.838).","SUM_AMOUNT_24H (+2.0346), HIST_AVG_TRANS_AMOUNT (+0.4150), ACTIVITY_SEQ_RARITY (+0.2039)","TRANS_NO × SUM_AMOUNT_24H (-0.3496), TRANS_AMOUNT × SUM_AMOUNT_7D (-0.3345), SUM_AMOUNT_24H × SUM_AMOUNT_7D (-0.1939)","SUM_AMOUNT_24H: 307,947,000.00 → 136,730,893.19 (-171,216,106.81)",Payment,Credit_card_repayment,2019-08-26,Mon,15,1,50057000.0,M,2019-05-29,1987-06-18,0,2019-05-30,BRANCH,1,SMART_OTP,307947000.0,5,753347000.0,16,1492431.96125,70275347.51773049,141,0.043763912950767064,-0.8376228017000888
1149,1,0.022498345002532005,"Flagged due to: high 24-hour transaction volume sum (312,947,000.00), and high historical average transaction size (70,275,347.52), and high 7-day transaction volume sum (758,347,000.00).","SUM_AMOUNT_24H (+2.0643), HIST_AVG_TRANS_AMOUNT (+0.4417), SUM_AMOUNT_7D (+0.3087)","TRANS_NO × SUM_AMOUNT_24H (-0.2735), TRANS_AMOUNT × COUNT_7D (-0.2722), SUM_AMOUNT_24H × SUM_AMOUNT_7D (-0.1939)","SUM_AMOUNT_24H: 312,947,000.00 → 289,999,813.66 (-22,947,186.34)",Payment,Credit_card_repayment,2019-08-26,Mon,16,1,5000000.0,M,2019-05-29,1987-06-18,0,2019-05-30,BRANCH,1,SMART_OTP,312947000.0,6,758347000.0,17,1492431.96125,70275347.51773049,141,0.043763912950767064,-0.8376228017000888
1149,1,0.28157249093055725,"Flagged due to: high 24-hour transaction volume sum (372,647,000.00), and unusual transaction sequence position (transaction number: 4), and high historical average transaction size (70,275,347.52).","SUM_AMOUNT_24H (+2.7629), TRANS_NO (+0.5568), HIST_AVG_TRANS_AMOUNT (+0.4407)","TRANS_AMOUNT × SUM_AMOUNT_7D (-0.3144), SUM_AMOUNT_24H × SUM_AMOUNT_7D (-0.2836), TRANS_AMOUNT × SUM_AMOUNT_24H (-0.2624)","SUM_AMOUNT_24H: 372,647,000.00 → 45,856,248.16 (-326,790,751.84)",Payment,Credit_card_repayment,2019-08-26,Mon,18,4,59700000.0,M,2019-05-29,1987-06-18,0,2019-05-30,BRANCH,1,SMART_OTP,372647000.0,7,818047000.0,18,1492431.96125,70275347.51773049,141,0.043763912950767064,-0.8376228017000888
1149,1,0.01072963047772646,"Flagged due to: high 24-hour transaction volume sum (172,200,000.00), and high historical average transaction size (70,275,347.52), and highly improbable sequential activity pattern (log-probability score: -0.838).","SUM_AMOUNT_24H (+1.1838), HIST_AVG_TRANS_AMOUNT (+0.3066), ACTIVITY_SEQ_RARITY (+0.1832)","TRANS_NO × SUM_AMOUNT_24H (-0.7408), TRANS_AMOUNT × SUM_AMOUNT_7D (-0.3345), TRANS_AMOUNT_Z_SCORE × TRANS_LV2 (-0.1818)","SUM_AMOUNT_24H: 172,200,000.00 → 153,499,959.29 (-18,700,040.71), ACTIVITY_SEQ_RARITY: -0.84 → -0.97 (-0.13)",Payment,Credit_card_repayment,2019-08-30,Fri,10,1,75900000.0,M,2019-05-29,1987-06-18,0,2019-05-30,BRANCH,1,SMART_OTP,172200000.0,3,677347000.0,13,1492431.96125,70275347.51773049,141,0.043763912950767064,-0.8376228017000888
1149,1,0.21943271160125732,"Flagged due to: high transaction amount of 184,100,000.00, and high 24-hour transaction volume sum (184,100,000.00), and transaction amount covers 123.4x their monthly average savings balance.","TRANS_AMOUNT (+2.0160), SUM_AMOUNT_24H (+1.0282), BALANCE_COVERAGE_RATIO (+0.4863)","TRANS_NO × SUM_AMOUNT_24H (-0.7403), TRANS_AMOUNT_Z_SCORE × TRANS_LV2 (+0.2596), TRANS_AMOUNT × HIST_AVG_TRANS_AMOUNT (+0.2433)","TRANS_AMOUNT: 184,100,000.00 → 115,446,650.69 (-68,653,349.31)",Payment,Credit_card_repayment,2019-09-03,Tue,14,1,184100000.0,M,2019-05-29,1987-06-18,0,2019-05-30,BRANCH,1,SMART_OTP,184100000.0,1,451800000.0,6,1492431.96125,70275347.51773049,141,0.043763912950767064,-0.8376228017000888
1149,1,1.0,"Flagged due to: high 24-hour transaction volume sum (466,780,000.00), and high transaction amount of 282,680,000.00, and high historical average transaction size (70,275,347.52).","SUM_AMOUNT_24H (+2.8404), TRANS_AMOUNT (+2.0709), HIST_AVG_TRANS_AMOUNT (+0.5749)","TRANS_AMOUNT_Z_SCORE × TRANS_LV2 (+0.2596), TRANS_AMOUNT × HIST_AVG_TRANS_AMOUNT (+0.2447), TRANS_AMOUNT × COUNT_7D (+0.1838)","TRANS_AMOUNT: 282,680,000.00 → 21,040,544.14 (-261,639,455.86)",Payment,Credit_card_repayment,2019-09-03,Tue,22,2,282680000.0,M,2019-05-29,1987-06-18,0,2019-05-30,BRANCH,1,SMART_OTP,466780000.0,2,678980000.0,6,1492431.96125,70275347.51773049,141,0.043763912950767064,-0.8376228017000888
1149,1,0.062018003314733505,"Flagged due to: high 24-hour transaction volume sum (532,580,000.00), and high historical average transaction size (70,275,347.52), and high 7-day transaction volume sum (744,780,000.00).","SUM_AMOUNT_24H (+2.6426), HIST_AVG_TRANS_AMOUNT (+0.4150), SUM_AMOUNT_7D (+0.1825)","TRANS_AMOUNT × SUM_AMOUNT_7D (-0.3332), TRANS_AMOUNT × SUM_AMOUNT_24H (-0.2624), TRANS_AMOUNT_Z_SCORE × TRANS_LV2 (-0.2110)","SUM_AMOUNT_24H: 532,580,000.00 → 136,730,830.29 (-395,849,169.71)",Payment,Credit_card_repayment,2019-09-04,Wed,9,1,65800000.0,M,2019-05-29,1987-06-18,0,2019-05-30,BRANCH,1,SMART_OTP,532580000.0,3,744780000.0,7,1492431.96125,70275347.51773049,141,0.043763912950767064,-0.8376228017000888
1149,1,0.062018003314733505,"Flagged due to: high 24-hour transaction volume sum (582,780,000.00), and high historical average transaction size (70,275,347.52), and high 7-day transaction volume sum (794,980,000.00).","SUM_AMOUNT_24H (+2.6431), HIST_AVG_TRANS_AMOUNT (+0.4150), SUM_AMOUNT_7D (+0.1825)","TRANS_AMOUNT × SUM_AMOUNT_7D (-0.3332), TRANS_AMOUNT × SUM_AMOUNT_24H (-0.2624), TRANS_AMOUNT_Z_SCORE × TRANS_LV2 (-0.2110)","SUM_AMOUNT_24H: 582,780,000.00 → 136,730,787.76 (-446,049,212.24)",Payment,Credit_card_repayment,2019-09-04,Wed,14,1,50200000.0,M,2019-05-29,1987-06-18,0,2019-05-30,BRANCH,1,SMART_OTP,582780000.0,4,794980000.0,8,1492431.96125,70275347.51773049,141,0.043763912950767064,-0.8376228017000888
1149,1,0.26984068751335144,"Flagged due to: high 24-hour transaction volume sum (507,580,000.00), and high transaction amount of 108,900,000.00, and high 7-day transaction volume sum (903,880,000.00).","SUM_AMOUNT_24H (+2.7993), TRANS_AMOUNT (+0.5744), SUM_AMOUNT_7D (+0.4523)","TRANS_AMOUNT × HIST_AVG_TRANS_AMOUNT (-0.3252), TRANS_AMOUNT × SUM_AMOUNT_24H (-0.2947), TRANS_AMOUNT_Z_SCORE × TRANS_LV2 (-0.2110)","SUM_AMOUNT_24H: 507,580,000.00 → 45,856,542.12 (-461,723,457.88)",Payment,Credit_card_repayment,2019-09-04,Wed,20,2,108900000.0,M,2019-05-29,1987-06-18,0,2019-05-30,BRANCH,1,SMART_OTP,507580000.0,4,903880000.0,9,1492431.96125,70275347.51773049,141,0.043763912950767064,-0.8376228017000888
1149,1,0.07484500110149384,"Flagged due to: high 24-hour transaction volume sum (582,580,000.00), and high historical average transaction size (70,275,347.52), and high 7-day transaction volume sum (978,880,000.00).","SUM_AMOUNT_24H (+2.6779), HIST_AVG_TRANS_AMOUNT (+0.4150), SUM_AMOUNT_7D (+0.2936)","TRANS_AMOUNT × SUM_AMOUNT_7D (-0.3097), TRANS_AMOUNT × SUM_AMOUNT_24H (-0.2624), TRANS_AMOUNT_Z_SCORE × TRANS_LV2 (-0.2110)","SUM_AMOUNT_24H: 582,580,000.00 → 117,999,874.80 (-464,580,125.20)",Payment,Credit_card_repayment,2019-09-04,Wed,22,1,75000000.0,M,2019-05-29,1987-06-18,0,2019-05-30,BRANCH,1,SMART_OTP,582580000.0,5,978880000.0,10,1492431.96125,70275347.51773049,141,0.043763912950767064,-0.8376228017000888
1149,1,1.0,"Flagged due to: high 24-hour transaction volume sum (506,000,000.00), and high transaction amount of 206,100,000.00, and high 7-day transaction volume sum (1,184,980,000.00).","SUM_AMOUNT_24H (+2.9446), TRANS_AMOUNT (+2.1822), SUM_AMOUNT_7D (+0.5991)","TRANS_NO × SUM_AMOUNT_24H (+0.3261), TRANS_AMOUNT_Z_SCORE × TRANS_LV2 (+0.2596), TRANS_AMOUNT × HIST_AVG_TRANS_AMOUNT (+0.2447)",,Payment,Credit_card_repayment,2019-09-05,Thu,8,3,206100000.0,M,2019-05-29,1987-06-18,0,2019-05-30,BRANCH,1,SMART_OTP,506000000.0,5,1184980000.0,11,1492431.96125,70275347.51773049,141,0.043763912950767064,-0.8376228017000888
1149,1,0.09544699639081955,"Flagged due to: high 24-hour transaction volume sum (176,250,000.00), and high transaction amount of 176,250,000.00, and transaction amount covers 118.1x their monthly average savings balance.","SUM_AMOUNT_24H (+1.2033), TRANS_AMOUNT (+0.8991), BALANCE_COVERAGE_RATIO (+0.5449)","TRANS_NO × SUM_AMOUNT_24H (-0.4536), TRANS_AMOUNT_Z_SCORE × TRANS_LV2 (+0.2596), TRANS_AMOUNT × HIST_AVG_TRANS_AMOUNT (-0.2483)","SUM_AMOUNT_24H: 176,250,000.00 → 21,699,955.15 (-154,550,044.85), TRANS_AMOUNT: 176,250,000.00 → 104,999,903.84 (-71,250,096.16)",Payment,Credit_card_repayment,2019-10-05,Sat,13,2,176250000.0,M,2019-05-29,1987-06-18,0,2019-05-30,BRANCH,1,SMART_OTP,176250000.0,1,278550000.0,3,1492431.96125,70275347.51773049,141,0.043763912950767064,-0.8376228017000888
1149,1,0.013112464919686317,"Flagged due to: high 24-hour transaction volume sum (242,350,000.00), and high historical average transaction size (70,275,347.52), and highly improbable sequential activity pattern (log-probability score: -0.838).","SUM_AMOUNT_24H (+1.3825), HIST_AVG_TRANS_AMOUNT (+0.3157), ACTIVITY_SEQ_RARITY (+0.2210)","TRANS_NO × SUM_AMOUNT_24H (-0.7339), TRANS_AMOUNT_Z_SCORE × TRANS_LV2 (-0.2110), SUM_AMOUNT_24H × ACTIVITY_SEQ_RARITY (+0.1216)","SUM_AMOUNT_24H: 242,350,000.00 → 153,499,859.03 (-88,850,140.97), ACTIVITY_SEQ_RARITY: -0.84 → -1.03 (-0.20)",Payment,Credit_card_repayment,2019-10-05,Sat,14,1,66100000.0,M,2019-05-29,1987-06-18,0,2019-05-30,BRANCH,1,SMART_OTP,242350000.0,2,344650000.0,4,1492431.96125,70275347.51773049,141,0.043763912950767064,-0.8376228017000888
1149,1,0.029510367661714554,"Flagged due to: high 24-hour transaction volume sum (297,350,000.00), and high historical average transaction size (70,275,347.52), and highly improbable sequential activity pattern (log-probability score: -0.838).","SUM_AMOUNT_24H (+2.0820), HIST_AVG_TRANS_AMOUNT (+0.4171), ACTIVITY_SEQ_RARITY (+0.2033)","TRANS_NO × SUM_AMOUNT_24H (-0.3960), TRANS_AMOUNT_Z_SCORE × TRANS_LV2 (-0.2110), TRANS_AMOUNT × SUM_AMOUNT_7D (-0.1862)","SUM_AMOUNT_24H: 297,350,000.00 → 153,499,746.52 (-143,850,253.48)",Payment,Credit_card_repayment,2019-10-05,Sat,15,1,55000000.0,M,2019-05-29,1987-06-18,0,2019-05-30,BRANCH,1,SMART_OTP,297350000.0,3,399650000.0,5,1492431.96125,70275347.51773049,141,0.043763912950767064,-0.8376228017000888
1149,1,0.029510367661714554,"Flagged due to: high 24-hour transaction volume sum (346,350,000.00), and high historical average transaction size (70,275,347.52), and highly improbable sequential activity pattern (log-probability score: -0.838).","SUM_AMOUNT_24H (+2.0820), HIST_AVG_TRANS_AMOUNT (+0.4129), ACTIVITY_SEQ_RARITY (+0.2033)","TRANS_NO × SUM_AMOUNT_24H (-0.3960), TRANS_AMOUNT_Z_SCORE × TRANS_LV2 (-0.2110), TRANS_AMOUNT × SUM_AMOUNT_7D (-0.1862)","SUM_AMOUNT_24H: 346,350,000.00 → 153,499,716.70 (-192,850,283.30)",Payment,Credit_card_repayment,2019-10-05,Sat,16,1,49000000.0,M,2019-05-29,1987-06-18,0,2019-05-30,BRANCH,1,SMART_OTP,346350000.0,4,448650000.0,6,1492431.96125,70275347.51773049,141,0.043763912950767064,-0.8376228017000888
1149,1,0.05629025399684906,"Flagged due to: high 24-hour transaction volume sum (396,350,000.00), and high historical average transaction size (70,275,347.52), and highly improbable sequential activity pattern (log-probability score: -0.838).","SUM_AMOUNT_24H (+2.6905), HIST_AVG_TRANS_AMOUNT (+0.4133), ACTIVITY_SEQ_RARITY (+0.1501)","TRANS_AMOUNT × SUM_AMOUNT_7D (-0.3332), TRANS_AMOUNT × SUM_AMOUNT_24H (-0.2624), TRANS_NO × SUM_AMOUNT_24H (-0.2170)","SUM_AMOUNT_24H: 396,350,000.00 → 153,499,746.55 (-242,850,253.45)",Payment,Credit_card_repayment,2019-10-05,Sat,17,1,50000000.0,M,2019-05-29,1987-06-18,0,2019-05-30,BRANCH,1,SMART_OTP,396350000.0,5,498650000.0,7,1492431.96125,70275347.51773049,141,0.043763912950767064,-0.8376228017000888
1149,1,0.06977853178977966,"Flagged due to: high transaction amount of 119,500,000.00, and high 24-hour transaction volume sum (119,500,000.00), and unusual transaction sequence position (transaction number: 4).","TRANS_AMOUNT (+0.8148), SUM_AMOUNT_24H (+0.8127), TRANS_NO (+0.6425)","TRANS_AMOUNT × HIST_AVG_TRANS_AMOUNT (-0.2483), TRANS_NO × SUM_AMOUNT_24H (+0.1962), TRANS_AMOUNT × TRANS_LV2 (+0.1390)","TRANS_AMOUNT: 119,500,000.00 → 70,999,964.64 (-48,500,035.36), SUM_AMOUNT_24H: 119,500,000.00 → 34,999,965.42 (-84,500,034.58)",Payment,Credit_card_repayment,2019-10-16,Wed,21,4,119500000.0,M,2019-05-29,1987-06-18,0,2019-05-30,BRANCH,1,SMART_OTP,119500000.0,1,197500000.0,3,1492431.96125,70275347.51773049,141,0.043763912950767064,-0.8376228017000888
1149,1,0.04293074086308479,"Flagged due to: high 24-hour transaction volume sum (249,500,000.00), and high transaction amount of 130,000,000.00, and high historical average transaction size (70,275,347.52).","SUM_AMOUNT_24H (+1.5770), TRANS_AMOUNT (+0.6800), HIST_AVG_TRANS_AMOUNT (+0.2806)","TRANS_NO × SUM_AMOUNT_24H (-0.4211), TRANS_AMOUNT × HIST_AVG_TRANS_AMOUNT (-0.2483), TRANS_AMOUNT × COUNT_7D (+0.1350)","SUM_AMOUNT_24H: 249,500,000.00 → 99,999,776.49 (-149,500,223.51), TRANS_AMOUNT: 130,000,000.00 → 23,055,754.53 (-106,944,245.47)",Payment,Credit_card_repayment,2019-10-17,Thu,21,2,130000000.0,M,2019-05-29,1987-06-18,0,2019-05-30,BRANCH,1,SMART_OTP,249500000.0,2,327500000.0,4,1492431.96125,70275347.51773049,141,0.043763912950767064,-0.8376228017000888
1149,1,0.08827938884496689,"Flagged due to: high 24-hour transaction volume sum (169,000,000.00), and high transaction amount of 169,000,000.00, and transaction amount covers 113.2x their monthly average savings balance.","SUM_AMOUNT_24H (+1.1771), TRANS_AMOUNT (+0.8674), BALANCE_COVERAGE_RATIO (+0.4827)","TRANS_NO × SUM_AMOUNT_24H (-0.4595), TRANS_AMOUNT × HIST_AVG_TRANS_AMOUNT (-0.3266), TRANS_AMOUNT_Z_SCORE × TRANS_LV2 (+0.2197)","SUM_AMOUNT_24H: 169,000,000.00 → 21,699,897.68 (-147,300,102.32), TRANS_AMOUNT: 169,000,000.00 → 104,999,979.40 (-64,000,020.60)",Payment,Credit_card_repayment,2019-10-28,Mon,22,2,169000000.0,M,2019-05-29,1987-06-18,0,2019-05-30,BRANCH,1,SMART_OTP,169000000.0,1,392700000.0,7,1492431.96125,70275347.51773049,141,0.043763912950767064,-0.8376228017000888
1149,1,0.03975554555654526,"Flagged due to: high 24-hour transaction volume sum (263,540,000.00), and high transaction amount of 94,540,000.00, and high historical average transaction size (70,275,347.52).","SUM_AMOUNT_24H (+1.4994), TRANS_AMOUNT (+0.5000), HIST_AVG_TRANS_AMOUNT (+0.3480)","TRANS_NO × SUM_AMOUNT_24H (-0.4279), TRANS_AMOUNT_Z_SCORE × TRANS_LV2 (-0.2110), TRANS_AMOUNT × COUNT_7D (+0.1680)","SUM_AMOUNT_24H: 263,540,000.00 → 104,999,946.72 (-158,540,053.28), TRANS_AMOUNT: 94,540,000.00 → 21,799,966.76 (-72,740,033.24)",Payment,Credit_card_repayment,2019-10-29,Tue,20,2,94540000.0,M,2019-05-29,1987-06-18,0,2019-05-30,BRANCH,1,SMART_OTP,263540000.0,2,464240000.0,7,1492431.96125,70275347.51773049,141,0.043763912950767064,-0.8376228017000888
1149,1,0.010952997021377087,"Flagged due to: high 24-hour transaction volume sum (187,390,000.00), and high historical average transaction size (70,275,347.52), and highly improbable sequential activity pattern (log-probability score: -0.838).","SUM_AMOUNT_24H (+1.2450), HIST_AVG_TRANS_AMOUNT (+0.3066), ACTIVITY_SEQ_RARITY (+0.1935)","TRANS_NO × SUM_AMOUNT_24H (-0.7408), TRANS_AMOUNT × SUM_AMOUNT_7D (-0.3345), TRANS_AMOUNT_Z_SCORE × TRANS_LV2 (-0.2110)","SUM_AMOUNT_24H: 187,390,000.00 → 153,499,977.12 (-33,890,022.88), ACTIVITY_SEQ_RARITY: -0.84 → -1.03 (-0.20)",Payment,Credit_card_repayment,2019-10-30,Wed,18,1,50050000.0,M,2019-05-29,1987-06-18,0,2019-05-30,BRANCH,1,SMART_OTP,187390000.0,3,496090000.0,8,1492431.96125,70275347.51773049,141,0.043763912950767064,-0.8376228017000888
1149,1,0.01072963047772646,"Flagged due to: high 24-hour transaction volume sum (161,000,000.00), and high historical average transaction size (70,275,347.52), and highly improbable sequential activity pattern (log-probability score: -0.838).","SUM_AMOUNT_24H (+1.1829), HIST_AVG_TRANS_AMOUNT (+0.3066), ACTIVITY_SEQ_RARITY (+0.1832)","TRANS_NO × SUM_AMOUNT_24H (-0.7408), TRANS_AMOUNT × SUM_AMOUNT_7D (-0.3345), TRANS_AMOUNT_Z_SCORE × TRANS_LV2 (-0.1818)","SUM_AMOUNT_24H: 161,000,000.00 → 153,499,955.22 (-7,500,044.78), ACTIVITY_SEQ_RARITY: -0.84 → -0.97 (-0.13)",Payment,Credit_card_repayment,2019-11-01,Fri,16,1,75900000.0,M,2019-05-29,1987-06-18,0,2019-05-30,BRANCH,1,SMART_OTP,161000000.0,2,549590000.0,7,1492431.96125,70275347.51773049,141,0.043763912950767064,-0.8376228017000888
1149,1,0.07871498167514801,"Flagged due to: high 24-hour transaction volume sum (292,250,000.00), and high transaction amount of 131,250,000.00, and high historical average transaction size (70,275,347.52).","SUM_AMOUNT_24H (+2.0467), TRANS_AMOUNT (+0.6598), HIST_AVG_TRANS_AMOUNT (+0.2895)","TRANS_NO × SUM_AMOUNT_24H (-0.3960), TRANS_AMOUNT × HIST_AVG_TRANS_AMOUNT (-0.3252), TRANS_AMOUNT × COUNT_7D (+0.1874)","SUM_AMOUNT_24H: 292,250,000.00 → 70,999,758.29 (-221,250,241.71), TRANS_AMOUNT: 131,250,000.00 → 23,055,768.84 (-108,194,231.16)",Payment,Credit_card_repayment,2019-11-01,Fri,19,1,131250000.0,M,2019-05-29,1987-06-18,0,2019-05-30,BRANCH,1,SMART_OTP,292250000.0,3,648640000.0,7,1492431.96125,70275347.51773049,141,0.043763912950767064,-0.8376228017000888
1149,1,0.012325186282396317,"Flagged due to: high 24-hour transaction volume sum (179,150,000.00), and high historical average transaction size (70,275,347.52), and high 7-day transaction volume sum (696,540,000.00).","SUM_AMOUNT_24H (+1.1355), HIST_AVG_TRANS_AMOUNT (+0.3083), SUM_AMOUNT_7D (+0.2216)","TRANS_NO × SUM_AMOUNT_24H (-0.6943), TRANS_AMOUNT × SUM_AMOUNT_7D (-0.3345), TRANS_AMOUNT_Z_SCORE × TRANS_LV2 (-0.2110)","SUM_AMOUNT_24H: 179,150,000.00 → 136,730,833.39 (-42,419,166.61)",Payment,Credit_card_repayment,2019-11-02,Sat,17,1,47900000.0,M,2019-05-29,1987-06-18,0,2019-05-30,BRANCH,1,SMART_OTP,179150000.0,2,696540000.0,8,1492431.96125,70275347.51773049,141,0.043763912950767064,-0.8376228017000888
1149,1,1.0,"Flagged due to: high transaction amount of 217,700,000.00, and high 24-hour transaction volume sum (265,600,000.00), and transaction amount covers 145.9x their monthly average savings balance.","TRANS_AMOUNT (+2.0799), SUM_AMOUNT_24H (+1.7126), BALANCE_COVERAGE_RATIO (+0.5294)","TRANS_NO × SUM_AMOUNT_24H (+0.3229), SUM_AMOUNT_24H × SUM_AMOUNT_7D (-0.2886), TRANS_AMOUNT_Z_SCORE × TRANS_LV2 (+0.2596)","TRANS_AMOUNT: 217,700,000.00 → 23,099,857.37 (-194,600,142.63)",Payment,Credit_card_repayment,2019-11-03,Sun,16,3,217700000.0,M,2019-05-29,1987-06-18,0,2019-05-30,BRANCH,1,SMART_OTP,265600000.0,2,914240000.0,9,1492431.96125,70275347.51773049,141,0.043763912950767064,-0.8376228017000888
1149,1,1.0,"Flagged due to: high 24-hour transaction volume sum (412,400,000.00), and high transaction amount of 194,700,000.00, and high 7-day transaction volume sum (1,108,940,000.00).","SUM_AMOUNT_24H (+2.9448), TRANS_AMOUNT (+2.1673), SUM_AMOUNT_7D (+0.6322)","TRANS_NO × SUM_AMOUNT_24H (+0.3271), TRANS_AMOUNT × HIST_AVG_TRANS_AMOUNT (+0.2447), TRANS_AMOUNT_Z_SCORE × TRANS_LV2 (+0.2197)",,Payment,Credit_card_repayment,2019-11-04,Mon,14,3,194700000.0,M,2019-05-29,1987-06-18,0,2019-05-30,BRANCH,1,SMART_OTP,412400000.0,2,1108940000.0,10,1492431.96125,70275347.51773049,141,0.043763912950767064,-0.8376228017000888
1149,1,0.9118665456771851,"Flagged due to: high 24-hour transaction volume sum (596,000,000.00), and high transaction amount of 183,600,000.00, and high 7-day transaction volume sum (1,292,540,000.00).","SUM_AMOUNT_24H (+2.6818), TRANS_AMOUNT (+2.1137), SUM_AMOUNT_7D (+0.6098)","TRANS_AMOUNT × HIST_AVG_TRANS_AMOUNT (+0.2447), TRANS_AMOUNT_Z_SCORE × TRANS_LV2 (+0.2197), TRANS_AMOUNT × COUNT_7D (+0.1838)",,Payment,Credit_card_repayment,2019-11-04,Mon,15,1,183600000.0,M,2019-05-29,1987-06-18,0,2019-05-30,BRANCH,1,SMART_OTP,596000000.0,3,1292540000.0,11,1492431.96125,70275347.51773049,141,0.043763912950767064,-0.8376228017000888
1149,1,0.4643464684486389,"Flagged due to: high 24-hour transaction volume sum (659,750,000.00), and high 7-day transaction volume sum (1,356,290,000.00), and high historical average transaction size (70,275,347.52).","SUM_AMOUNT_24H (+2.8283), SUM_AMOUNT_7D (+0.9517), HIST_AVG_TRANS_AMOUNT (+0.4391)","SUM_AMOUNT_24H × SUM_AMOUNT_7D (-0.4303), TRANS_NO × SUM_AMOUNT_24H (+0.3241), TRANS_AMOUNT × SUM_AMOUNT_7D (-0.3087)","SUM_AMOUNT_24H: 659,750,000.00 → 34,999,765.63 (-624,750,234.37)",Payment,Credit_card_repayment,2019-11-04,Mon,16,3,63750000.0,M,2019-05-29,1987-06-18,0,2019-05-30,BRANCH,1,SMART_OTP,659750000.0,4,1356290000.0,12,1492431.96125,70275347.51773049,141,0.043763912950767064,-0.8376228017000888
1149,1,0.3869608938694,"Flagged due to: high 24-hour transaction volume sum (472,050,000.00), and high 7-day transaction volume sum (1,386,290,000.00), and high historical average transaction size (70,275,347.52).","SUM_AMOUNT_24H (+2.8498), SUM_AMOUNT_7D (+1.0595), HIST_AVG_TRANS_AMOUNT (+0.5132)","SUM_AMOUNT_24H × SUM_AMOUNT_7D (-0.4439), TRANS_NO × SUM_AMOUNT_24H (+0.3241), TRANS_AMOUNT × SUM_AMOUNT_24H (-0.2624)","SUM_AMOUNT_24H: 472,050,000.00 → 34,999,847.67 (-437,050,152.33)",Transfer,Outside_bank,2019-11-04,Mon,17,3,30000000.0,M,2019-05-29,1987-06-18,0,2019-05-30,BRANCH,1,SMART_OTP,472050000.0,4,1386290000.0,13,1492431.96125,70275347.51773049,141,0.043763912950767064,-0.8376228017000888
1149,1,0.3869608938694,"Flagged due to: high 24-hour transaction volume sum (497,050,000.00), and high 7-day transaction volume sum (1,411,290,000.00), and high historical average transaction size (70,275,347.52).","SUM_AMOUNT_24H (+2.8498), SUM_AMOUNT_7D (+1.0595), HIST_AVG_TRANS_AMOUNT (+0.5132)","SUM_AMOUNT_24H × SUM_AMOUNT_7D (-0.4439), TRANS_NO × SUM_AMOUNT_24H (+0.3241), TRANS_AMOUNT × SUM_AMOUNT_24H (-0.2624)","SUM_AMOUNT_24H: 497,050,000.00 → 34,999,549.60 (-462,050,450.40)",Transfer,Outside_bank,2019-11-04,Mon,18,3,25000000.0,M,2019-05-29,1987-06-18,0,2019-05-30,BRANCH,1,SMART_OTP,497050000.0,5,1411290000.0,14,1492431.96125,70275347.51773049,141,0.043763912950767064,-0.8376228017000888
1149,1,0.011721467599272728,"Flagged due to: high transaction amount of 78,132,000.00, and high historical average transaction size (70,275,347.52), and specific transaction type category (code: 1).","TRANS_AMOUNT (+0.3858), HIST_AVG_TRANS_AMOUNT (+0.3211), TRANS_LV2 (+0.2980)","TRANS_AMOUNT_Z_SCORE × TRANS_LV2 (-0.2399), TRANS_AMOUNT × SUM_AMOUNT_7D (+0.2097), TRANS_AMOUNT × SUM_AMOUNT_24H (+0.1395)","TRANS_AMOUNT: 78,132,000.00 → 50,999,993.93 (-27,132,006.07)",Payment,Credit_card_repayment,2019-11-21,Thu,20,3,78132000.0,M,2019-05-29,1987-06-18,0,2019-05-30,BRANCH,1,SMART_OTP,98132000.0,2,158132000.0,3,1492431.96125,70275347.51773049,141,0.043763912950767064,-0.8376228017000888
1149,1,0.011487018316984177,"Flagged due to: high 24-hour transaction volume sum (177,332,000.00), and high historical average transaction size (70,275,347.52), and high transaction amount of 79,200,000.00.","SUM_AMOUNT_24H (+1.2050), HIST_AVG_TRANS_AMOUNT (+0.3110), TRANS_AMOUNT (+0.2718)","TRANS_NO × SUM_AMOUNT_24H (-0.7339), TRANS_AMOUNT × SUM_AMOUNT_7D (+0.1947), TRANS_AMOUNT_Z_SCORE × TRANS_LV2 (-0.1818)","SUM_AMOUNT_24H: 177,332,000.00 → 136,730,904.49 (-40,601,095.51), TRANS_AMOUNT: 79,200,000.00 → 43,999,983.66 (-35,200,016.34)",Payment,Credit_card_repayment,2019-11-22,Fri,11,1,79200000.0,M,2019-05-29,1987-06-18,0,2019-05-30,BRANCH,1,SMART_OTP,177332000.0,3,237332000.0,4,1492431.96125,70275347.51773049,141,0.043763912950767064,-0.8376228017000888
1149,1,0.1375751793384552,"Flagged due to: high 24-hour transaction volume sum (158,011,000.00), and high transaction amount of 98,000,000.00, and unusual transaction sequence position (transaction number: 3).","SUM_AMOUNT_24H (+1.7012), TRANS_AMOUNT (+0.5442), TRANS_NO (+0.3495)","TRANS_NO × SUM_AMOUNT_24H (+0.3139), TRANS_AMOUNT_Z_SCORE × TRANS_LV2 (-0.1818), TRANS_AMOUNT × COUNT_7D (+0.1757)","SUM_AMOUNT_24H: 158,011,000.00 → 70,999,888.76 (-87,011,111.24), TRANS_AMOUNT: 98,000,000.00 → 39,988,953.23 (-58,011,046.77)",Payment,Credit_card_repayment,2019-11-25,Mon,14,3,98000000.0,M,2019-05-29,1987-06-18,0,2019-05-30,BRANCH,1,SMART_OTP,158011000.0,2,478243000.0,9,1492431.96125,70275347.51773049,141,0.043763912950767064,-0.8376228017000888
1149,1,0.036966580897569656,"Flagged due to: high 24-hour transaction volume sum (155,100,000.00), and high transaction amount of 105,000,000.00, and highly improbable sequential activity pattern (log-probability score: -0.838).","SUM_AMOUNT_24H (+1.3043), TRANS_AMOUNT (+0.6722), ACTIVITY_SEQ_RARITY (+0.2296)","TRANS_NO × SUM_AMOUNT_24H (-0.4599), TRANS_AMOUNT × HIST_AVG_TRANS_AMOUNT (-0.3266), TRANS_AMOUNT_Z_SCORE × TRANS_LV2 (-0.2110)","SUM_AMOUNT_24H: 155,100,000.00 → 99,999,930.16 (-55,100,069.84), TRANS_AMOUNT: 105,000,000.00 → 67,899,985.67 (-37,100,014.33)",Payment,Credit_card_repayment,2019-11-30,Sat,14,2,105000000.0,M,2019-05-29,1987-06-18,0,2019-05-30,BRANCH,1,SMART_OTP,155100000.0,2,372711000.0,7,1492431.96125,70275347.51773049,141,0.043763912950767064,-0.8376228017000888
1149,1,0.00889496598392725,"Flagged due to: high 24-hour transaction volume sum (196,800,000.00), and high historical average transaction size (70,275,347.52), and highly improbable sequential activity pattern (log-probability score: -0.838).","SUM_AMOUNT_24H (+1.2450), HIST_AVG_TRANS_AMOUNT (+0.3072), ACTIVITY_SEQ_RARITY (+0.1919)","TRANS_NO × SUM_AMOUNT_24H (-0.7408), TRANS_AMOUNT_Z_SCORE × TRANS_LV2 (-0.1856), TRANS_AMOUNT × SUM_AMOUNT_7D (-0.1394)","SUM_AMOUNT_24H: 196,800,000.00 → 186,162,309.32 (-10,637,690.68), ACTIVITY_SEQ_RARITY: -0.84 → -0.97 (-0.13)",Payment,Credit_card_repayment,2019-11-30,Sat,15,1,41700000.0,M,2019-05-29,1987-06-18,0,2019-05-30,BRANCH,1,SMART_OTP,196800000.0,3,389511000.0,7,1492431.96125,70275347.51773049,141,0.043763912950767064,-0.8376228017000888
1149,1,0.07909803092479706,"Flagged due to: high 24-hour transaction volume sum (232,500,000.00), and high transaction amount of 156,700,000.00, and transaction amount covers 105.0x their monthly average savings balance.","SUM_AMOUNT_24H (+1.3296), TRANS_AMOUNT (+0.8652), BALANCE_COVERAGE_RATIO (+0.5105)","TRANS_NO × SUM_AMOUNT_24H (-0.4604), TRANS_AMOUNT × HIST_AVG_TRANS_AMOUNT (-0.3266), TRANS_AMOUNT × COUNT_7D (+0.1757)","SUM_AMOUNT_24H: 232,500,000.00 → 34,999,967.47 (-197,500,032.53), TRANS_AMOUNT: 156,700,000.00 → 43,999,994.71 (-112,700,005.29)",Payment,Credit_card_repayment,2019-12-03,Tue,13,2,156700000.0,M,2019-05-29,1987-06-18,0,2019-05-30,BRANCH,1,SMART_OTP,232500000.0,2,474000000.0,8,1492431.96125,70275347.51773049,141,0.043763912950767064,-0.8376228017000888
1149,1,1.0,"Flagged due to: high 24-hour transaction volume sum (361,700,000.00), and high transaction amount of 183,000,000.00, and high historical average transaction size (70,275,347.52).","SUM_AMOUNT_24H (+2.8404), TRANS_AMOUNT (+2.0484), HIST_AVG_TRANS_AMOUNT (+0.5718)","TRANS_AMOUNT_Z_SCORE × TRANS_LV2 (+0.2596), TRANS_AMOUNT × HIST_AVG_TRANS_AMOUNT (+0.2447), TRANS_AMOUNT × COUNT_7D (+0.1834)","TRANS_AMOUNT: 183,000,000.00 → 2,474,903.14 (-180,525,096.86)",Payment,Credit_card_repayment,2019-12-04,Wed,13,2,183000000.0,M,2019-05-29,1987-06-18,0,2019-05-30,BRANCH,1,SMART_OTP,361700000.0,3,669000000.0,9,1492431.96125,70275347.51773049,141,0.043763912950767064,-0.8376228017000888
1149,1,0.0177618321031332,"Flagged due to: high 24-hour transaction volume sum (255,000,000.00), and high historical average transaction size (70,275,347.52), and highly improbable sequential activity pattern (log-probability score: -0.838).","SUM_AMOUNT_24H (+1.3306), HIST_AVG_TRANS_AMOUNT (+0.3468), ACTIVITY_SEQ_RARITY (+0.1963)","TRANS_NO × SUM_AMOUNT_24H (-0.6623), TRANS_AMOUNT × SUM_AMOUNT_7D (-0.3345), SUM_AMOUNT_24H × SUM_AMOUNT_7D (-0.2158)","SUM_AMOUNT_24H: 255,000,000.00 → 117,999,902.31 (-137,000,097.69)",Payment,Credit_card_repayment,2019-12-04,Wed,15,1,50000000.0,M,2019-05-29,1987-06-18,0,2019-05-30,BRANCH,1,SMART_OTP,255000000.0,3,719000000.0,10,1492431.96125,70275347.51773049,141,0.043763912950767064,-0.8376228017000888
1149,1,1.0,"Flagged due to: high 24-hour transaction volume sum (421,210,000.00), and high transaction amount of 188,210,000.00, and high historical average transaction size (70,275,347.52).","SUM_AMOUNT_24H (+2.9446), TRANS_AMOUNT (+2.1027), HIST_AVG_TRANS_AMOUNT (+0.5901)","TRANS_NO × SUM_AMOUNT_24H (+0.3261), TRANS_AMOUNT_Z_SCORE × TRANS_LV2 (+0.2596), TRANS_AMOUNT × HIST_AVG_TRANS_AMOUNT (+0.2447)",,Payment,Credit_card_repayment,2019-12-04,Wed,21,3,188210000.0,M,2019-05-29,1987-06-18,0,2019-05-30,BRANCH,1,SMART_OTP,421210000.0,3,907210000.0,11,1492431.96125,70275347.51773049,141,0.043763912950767064,-0.8376228017000888
1149,1,0.08419015258550644,"Flagged due to: high 24-hour transaction volume sum (490,510,000.00), and high historical average transaction size (70,275,347.52), and high 7-day transaction volume sum (976,510,000.00).","SUM_AMOUNT_24H (+2.6779), HIST_AVG_TRANS_AMOUNT (+0.4118), SUM_AMOUNT_7D (+0.2940)","TRANS_AMOUNT × SUM_AMOUNT_7D (-0.3110), TRANS_AMOUNT × SUM_AMOUNT_24H (-0.2624), TRANS_AMOUNT_Z_SCORE × TRANS_LV2 (-0.2110)","SUM_AMOUNT_24H: 490,510,000.00 → 117,999,686.06 (-372,510,313.94)",Payment,Credit_card_repayment,2019-12-04,Wed,22,1,69300000.0,M,2019-05-29,1987-06-18,0,2019-05-30,BRANCH,1,SMART_OTP,490510000.0,4,976510000.0,12,1492431.96125,70275347.51773049,141,0.043763912950767064,-0.8376228017000888
1149,1,1.0,"Flagged due to: high 24-hour transaction volume sum (785,610,000.00), and high transaction amount of 295,100,000.00, and high 7-day transaction volume sum (1,271,610,000.00).","SUM_AMOUNT_24H (+2.8380), TRANS_AMOUNT (+2.1056), SUM_AMOUNT_7D (+0.6098)","TRANS_AMOUNT_Z_SCORE × TRANS_LV2 (+0.2596), TRANS_AMOUNT × HIST_AVG_TRANS_AMOUNT (+0.2447), TRANS_AMOUNT × COUNT_7D (+0.1865)",,Payment,Credit_card_repayment,2019-12-05,Thu,10,2,295100000.0,M,2019-05-29,1987-06-18,0,2019-05-30,BRANCH,1,SMART_OTP,785610000.0,5,1271610000.0,13,1492431.96125,70275347.51773049,141,0.043763912950767064,-0.8376228017000888
1149,1,0.7819517254829407,"Flagged due to: high 24-hour transaction volume sum (905,610,000.00), and high 7-day transaction volume sum (1,391,610,000.00), and high transaction amount of 120,000,000.00.","SUM_AMOUNT_24H (+2.7930), SUM_AMOUNT_7D (+1.1069), TRANS_AMOUNT (+0.6266)","SUM_AMOUNT_24H × SUM_AMOUNT_7D (-0.4287), TRANS_AMOUNT × HIST_AVG_TRANS_AMOUNT (-0.3252), TRANS_NO × SUM_AMOUNT_24H (+0.3241)",,Payment,Credit_card_repayment,2019-12-05,Thu,12,3,120000000.0,M,2019-05-29,1987-06-18,0,2019-05-30,BRANCH,1,SMART_OTP,905610000.0,6,1391610000.0,14,1492431.96125,70275347.51773049,141,0.043763912950767064,-0.8376228017000888
1149,1,0.16138896346092224,"Flagged due to: high 24-hour transaction volume sum (767,510,000.00), and high 7-day transaction volume sum (1,436,510,000.00), and high historical average transaction size (70,275,347.52).","SUM_AMOUNT_24H (+2.5649), SUM_AMOUNT_7D (+0.9288), HIST_AVG_TRANS_AMOUNT (+0.4193)","SUM_AMOUNT_24H × SUM_AMOUNT_7D (-0.3630), TRANS_AMOUNT × SUM_AMOUNT_7D (-0.3074), TRANS_AMOUNT × SUM_AMOUNT_24H (-0.2624)","SUM_AMOUNT_24H: 767,510,000.00 → 45,856,223.08 (-721,653,776.92)",Payment,Credit_card_repayment,2019-12-05,Thu,14,1,44900000.0,M,2019-05-29,1987-06-18,0,2019-05-30,BRANCH,1,SMART_OTP,767510000.0,6,1436510000.0,15,1492431.96125,70275347.51773049,141,0.043763912950767064,-0.8376228017000888
1149,1,0.29112330079078674,"Flagged due to: high 24-hour transaction volume sum (559,500,000.00), and high 7-day transaction volume sum (1,511,310,000.00), and high historical average transaction size (70,275,347.52).","SUM_AMOUNT_24H (+2.5506), SUM_AMOUNT_7D (+1.1817), HIST_AVG_TRANS_AMOUNT (+0.4451)","SUM_AMOUNT_24H × SUM_AMOUNT_7D (-0.3749), TRANS_AMOUNT × SUM_AMOUNT_24H (-0.2947), TRANS_AMOUNT × COUNT_7D (+0.1901)","SUM_AMOUNT_24H: 559,500,000.00 → 21,699,664.12 (-537,800,335.88)",Transfer,Outside_bank,2019-12-06,Fri,9,1,99500000.0,M,2019-05-29,1987-06-18,0,2019-05-30,BRANCH,1,SMART_OTP,559500000.0,4,1511310000.0,15,1492431.96125,70275347.51773049,141,0.043763912950767064,-0.8376228017000888
1149,1,0.014568791724741459,"Flagged due to: high transaction amount of 120,000,000.00, and high 24-hour transaction volume sum (120,000,000.00), and specific transaction type category (code: 1).","TRANS_AMOUNT (+0.7823), SUM_AMOUNT_24H (+0.5576), TRANS_LV2 (+0.3876)","TRANS_NO × SUM_AMOUNT_24H (-0.2938), TRANS_AMOUNT × HIST_AVG_TRANS_AMOUNT (-0.2483), SUM_AMOUNT_7D × TRANS_LV2 (+0.1756)","TRANS_AMOUNT: 120,000,000.00 → 115,446,624.79 (-4,553,375.21), SUM_AMOUNT_24H: 120,000,000.00 → 104,999,885.68 (-15,000,114.32)",Payment,Credit_card_repayment,2019-12-16,Mon,14,1,120000000.0,M,2019-05-29,1987-06-18,0,2019-05-30,BRANCH,1,SMART_OTP,120000000.0,1,170000000.0,2,1492431.96125,70275347.51773049,141,0.043763912950767064,-0.8376228017000888
1193,1,0.009890338405966759,"Flagged due to: high transaction amount of 210,000,000.00, and high 24-hour transaction volume sum (210,000,000.00), and transaction amount covers 25.6x their monthly average savings balance.","TRANS_AMOUNT (+1.4807), SUM_AMOUNT_24H (+1.2767), BALANCE_COVERAGE_RATIO (+0.0503)","TRANS_NO × SUM_AMOUNT_24H (-0.6981), TRANS_AMOUNT × HIST_AVG_TRANS_AMOUNT (-0.6171), TRANS_AMOUNT × COUNT_7D (+0.1559)","TRANS_AMOUNT: 210,000,000.00 → 189,999,876.12 (-20,000,123.88), SUM_AMOUNT_24H: 210,000,000.00 → 186,162,271.61 (-23,837,728.39), BALANCE_COVERAGE_RATIO: 25.64 → 9.08 (-16.56)",Transfer,Within_bank,2019-09-16,Mon,8,1,210000000.0,M,2019-08-06,1991-06-15,1,2019-08-06,BRANCH,1,SMART_OTP,210000000.0,1,210000000.0,1,8188872.114,33164307.317460317,63,0.11603138968675326,-1.1999667435086945
1193,1,0.016388768330216408,"Flagged due to: high transaction amount of 250,000,000.00, and high 24-hour transaction volume sum (250,000,000.00), and transaction amount covers 30.5x their monthly average savings balance.","TRANS_AMOUNT (+1.5220), SUM_AMOUNT_24H (+1.2480), BALANCE_COVERAGE_RATIO (+0.0503)","TRANS_NO × SUM_AMOUNT_24H (-0.6969), TRANS_AMOUNT × HIST_AVG_TRANS_AMOUNT (-0.5843), TRANS_AMOUNT × COUNT_7D (+0.1847)","TRANS_AMOUNT: 250,000,000.00 → 157,764,912.02 (-92,235,087.98), SUM_AMOUNT_24H: 250,000,000.00 → 117,999,792.63 (-132,000,207.37)",Transfer,Outside_bank,2019-09-19,Thu,14,1,250000000.0,M,2019-08-06,1991-06-15,1,2019-08-06,BRANCH,1,SMART_OTP,250000000.0,1,460585000.0,5,8188872.114,33164307.317460317,63,0.11603138968675326,-1.1999667435086945
1193,1,0.016388768330216408,"Flagged due to: high transaction amount of 230,666,000.00, and high 24-hour transaction volume sum (231,233,090.00), and transaction amount covers 28.2x their monthly average savings balance.","TRANS_AMOUNT (+1.5281), SUM_AMOUNT_24H (+1.2255), BALANCE_COVERAGE_RATIO (+0.0503)","TRANS_NO × SUM_AMOUNT_24H (-0.7049), TRANS_AMOUNT × HIST_AVG_TRANS_AMOUNT (-0.5843), TRANS_AMOUNT × COUNT_7D (+0.1859)","TRANS_AMOUNT: 230,666,000.00 → 117,432,711.88 (-113,233,288.12), SUM_AMOUNT_24H: 231,233,090.00 → 117,999,937.10 (-113,233,152.90)",Transfer,Within_bank,2019-09-23,Mon,11,1,230666000.0,M,2019-08-06,1991-06-15,1,2019-08-06,BRANCH,1,SMART_OTP,231233090.0,2,482318090.0,8,8188872.114,33164307.317460317,63,0.11603138968675326,-1.1999667435086945
1193,1,0.4028242230415344,"Flagged due to: high 24-hour transaction volume sum (420,000,000.00), and high transaction amount of 420,000,000.00, and unusual transaction sequence position (transaction number: 3).","SUM_AMOUNT_24H (+3.0528), TRANS_AMOUNT (+1.6232), TRANS_NO (+0.3925)","TRANS_AMOUNT × HIST_AVG_TRANS_AMOUNT (-0.5843), TRANS_NO × SUM_AMOUNT_24H (+0.3176), TRANS_AMOUNT × COUNT_7D (+0.1742)","SUM_AMOUNT_24H: 420,000,000.00 → 70,999,890.20 (-349,000,109.80), TRANS_AMOUNT: 420,000,000.00 → 104,999,600.21 (-315,000,399.79)",Transfer,Outside_bank,2019-10-01,Tue,17,3,420000000.0,M,2019-08-06,1991-06-15,1,2019-08-06,BRANCH,1,SMART_OTP,420000000.0,1,432000000.0,4,8188872.114,33164307.317460317,63,0.11603138968675326,-1.1999667435086945
1193,1,0.013567505404353142,"Flagged due to: high 24-hour transaction volume sum (302,800,000.00), and high transaction amount of 300,000,000.00, and transaction amount covers 36.6x their monthly average savings balance.","SUM_AMOUNT_24H (+1.7593), TRANS_AMOUNT (+1.4375), BALANCE_COVERAGE_RATIO (+0.0503)","TRANS_AMOUNT × HIST_AVG_TRANS_AMOUNT (-0.6171), TRANS_NO × SUM_AMOUNT_24H (-0.4207), SUM_AMOUNT_24H × SUM_AMOUNT_7D (-0.3907)","SUM_AMOUNT_24H: 302,800,000.00 → 205,140,578.02 (-97,659,421.98), TRANS_AMOUNT: 300,000,000.00 → 264,809,703.94 (-35,190,296.06)",Transfer,Outside_bank,2019-12-09,Mon,10,1,300000000.0,M,2019-08-06,1991-06-15,1,2019-08-06,BRANCH,1,SMART_OTP,302800000.0,2,323480000.0,5,8188872.114,33164307.317460317,63,0.11603138968675326,-1.1999667435086945
1199,1,0.011211460456252098,"Flagged due to: high transaction amount of 197,400,000.00, and high 24-hour transaction volume sum (197,400,000.00), and highly improbable sequential activity pattern (log-probability score: -0.984).","TRANS_AMOUNT (+1.5203), SUM_AMOUNT_24H (+1.2135), ACTIVITY_SEQ_RARITY (+0.0985)","TRANS_NO × SUM_AMOUNT_24H (-0.6981), TRANS_AMOUNT × HIST_AVG_TRANS_AMOUNT (-0.5810), TRANS_AMOUNT × COUNT_7D (+0.1427)","TRANS_AMOUNT: 197,400,000.00 → 179,999,938.29 (-17,400,061.71), SUM_AMOUNT_24H: 197,400,000.00 → 153,499,991.45 (-43,900,008.55), ACTIVITY_SEQ_RARITY: -0.98 → -1.10 (-0.12)",Transfer,Outside_bank,2019-12-12,Thu,12,1,197400000.0,F,2019-08-23,1989-10-24,0,2019-10-24,BRANCH,0,SMART_OTP,197400000.0,1,198860000.0,3,25608143.785,21505277.777777776,18,0.1688588123040724,-0.9840603048357479
1996,1,0.009172916412353516,"Flagged due to: high transaction amount of 147,600,000.00, and high 24-hour transaction volume sum (148,200,000.00), and new customer tenure (263 days since signup).","TRANS_AMOUNT (+1.0502), SUM_AMOUNT_24H (+0.8521), TENURE_DAYS (+0.2094)","TRANS_NO × SUM_AMOUNT_24H (-0.5441), CUSTOMER_AGE × SUM_AMOUNT_7D (+0.1460), TRANS_AMOUNT × HIST_AVG_TRANS_AMOUNT (+0.1219)","TRANS_AMOUNT: 147,600,000.00 → 136,130,967.03 (-11,469,032.97), SUM_AMOUNT_24H: 148,200,000.00 → 136,730,985.34 (-11,469,014.66)",Transfer,Within_bank,2019-12-24,Tue,15,1,147600000.0,F,2019-04-05,1997-07-29,0,2019-12-02,BRANCH,1,SMART_OTP,148200000.0,2,209840000.0,4,12942483.87,22216384.615384616,13,0.5038804280030907,-1.3911969594522657
2143,1,0.00902403425425291,"Flagged due to: high transaction amount of 200,000,000.00, and high 24-hour transaction volume sum (200,000,000.00), and transaction amount covers 15.1x their monthly average savings balance.","TRANS_AMOUNT (+1.4633), SUM_AMOUNT_24H (+1.2486), BALANCE_COVERAGE_RATIO (+0.0517)","TRANS_NO × SUM_AMOUNT_24H (-0.6958), TRANS_AMOUNT × HIST_AVG_TRANS_AMOUNT (-0.6171), TRANS_AMOUNT × COUNT_7D (+0.1565)","TRANS_AMOUNT: 200,000,000.00 → 189,999,961.90 (-10,000,038.10), SUM_AMOUNT_24H: 200,000,000.00 → 186,162,376.47 (-13,837,623.53), BALANCE_COVERAGE_RATIO: 15.08 → 9.08 (-6.00)",Transfer,Outside_bank,2019-11-22,Fri,14,1,200000000.0,F,2019-11-20,1982-02-01,0,2019-11-20,BRANCH,1,SMART_OTP,200000000.0,1,200000000.0,1,13259130.17,16783742.277777776,18,0.438204792797114,-1.2687499475261257
2174,1,0.05177168920636177,"Flagged due to: high transaction amount of 230,000,000.00, and high 24-hour transaction volume sum (230,000,000.00), and new customer tenure (292 days since signup).","TRANS_AMOUNT (+1.6133), SUM_AMOUNT_24H (+1.2700), TENURE_DAYS (+0.9959)","TRANS_NO × SUM_AMOUNT_24H (-0.6867), TRANS_AMOUNT × HIST_AVG_TRANS_AMOUNT (-0.5921), TENURE_DAYS × BALANCE_COVERAGE_RATIO (+0.3400)","TRANS_AMOUNT: 230,000,000.00 → 79,999,981.58 (-150,000,018.42), SUM_AMOUNT_24H: 230,000,000.00 → 21,699,810.93 (-208,300,189.07)",Transfer,Outside_bank,2019-12-02,Mon,10,1,230000000.0,F,2019-02-13,1996-08-27,0,2019-08-13,BRANCH,0,SMART_OTP,230000000.0,1,233460000.0,3,12640694.629999999,3896242.4242424243,66,0.1572682921701853,-1.2404960505148033
2414,1,0.012182972393929958,"Flagged due to: high transaction amount of 54,856,514.00, and specific transaction type category (code: 1), and new customer tenure (248 days since signup).","TRANS_AMOUNT (+0.6113), TRANS_LV2 (+0.5541), TENURE_DAYS (+0.2081)","TRANS_AMOUNT_Z_SCORE × TRANS_LV2 (+0.2777), TRANS_AMOUNT × SUM_AMOUNT_7D (+0.2117), SUM_AMOUNT_7D × TRANS_LV2 (+0.1804)","TRANS_AMOUNT: 54,856,514.00 → 51,599,994.47 (-3,256,519.53)",Payment,Credit_card_repayment,2019-12-27,Fri,21,1,54856514.0,F,2019-04-23,1970-04-13,0,2019-04-23,BRANCH,1,SMART_OTP,74256514.0,3,83105551.0,6,228544458.37777779,13570837.506329114,79,0.07897000355197276,-1.127343626037744
